,dataset,zarr_name,zarr_path,size_mb,n_files,has_zmetadata
0,precip,precip.1979_JFM.BN_RACMO2.3p2_ANT27_ERA5_3h.AIS.2km.DD.zarr,s3://nasa-cryo-scratch/jkingslake/Daily-2km-zarr/precip/precip.1979_JFM.BN_RACMO2.3p2_ANT27_ERA5_3h.AIS.2km.DD.zarr,844.523236,32,True
1,ff10m,ff10m.1979_JFM.BN_RACMO2.3p2_ANT27_ERA5_3h.AIS.2km.DD.zarr,s3://nasa-cryo-scratch/jkingslake/Daily-2km-zarr/ff10m/ff10m.1979_JFM.BN_RACMO2.3p2_ANT27_ERA5_3h.AIS.2km.DD.zarr,146.697116,17,True
2,snowmelt,snowmelt.1979_JFM.BN_RACMO2.3p2_ANT27_ERA5_3h.AIS.2km.DD.zarr,s3://nasa-cryo-scratch/jkingslake/Daily-2km-zarr/snowmelt/snowmelt.1979_JFM.BN_RACMO2.3p2_ANT27_ERA5_3h.AIS.2km.DD.zarr,67.294941,974,True
3,t2m,t2m.1979_JFM.BN_RACMO2.3p2_ANT27_ERA5_3h.AIS.2km.DD.zarr,s3://nasa-cryo-scratch/jkingslake/Daily-2km-zarr/t2m/t2m.1979_JFM.BN_RACMO2.3p2_ANT27_ERA5_3h.AIS.2km.DD.zarr,700.461533,32,True
4,ff10m,ff10m.1979_AMJ.BN_RACMO2.3p2_ANT27_ERA5_3h.AIS.2km.DD.zarr,s3://nasa-cryo-scratch/jkingslake/Daily-2km-zarr/ff10m/ff10m.1979_AMJ.BN_RACMO2.3p2_ANT27_ERA5_3h.AIS.2km.DD.zarr,894.754988,33,True
5,snowmelt,snowmelt.1979_AMJ.BN_RACMO2.3p2_ANT27_ERA5_3h.AIS.2km.DD.zarr,s3://nasa-cryo-scratch/jkingslake/Daily-2km-zarr/snowmelt/snowmelt.1979_AMJ.BN_RACMO2.3p2_ANT27_ERA5_3h.AIS.2km.DD.zarr,11.442309,1038,True
6,precip,precip.1979_AMJ.BN_RACMO2.3p2_ANT27_ERA5_3h.AIS.2km.DD.zarr,s3://nasa-cryo-scratch/jkingslake/Daily-2km-zarr/precip/precip.1979_AMJ.BN_RACMO2.3p2_ANT27_ERA5_3h.AIS.2km.DD.zarr,899.813609,33,True
7,t2m,t2m.1979_AMJ.BN_RACMO2.3p2_ANT27_ERA5_3h.AIS.2km.DD.zarr,s3://nasa-cryo-scratch/jkingslake/Daily-2km-zarr/t2m/t2m.1979_AMJ.BN_RACMO2.3p2_ANT27_ERA5_3h.AIS.2km.DD.zarr,725.529304,33,True
8,precip,precip.1979_JAS.BN_RACMO2.3p2_ANT27_ERA5_3h.AIS.2km.DD.zarr,s3://nasa-cryo-scratch/jkingslake/Daily-2km-zarr/precip/precip.1979_JAS.BN_RACMO2.3p2_ANT27_ERA5_3h.AIS.2km.DD.zarr,903.792647,33,True
9,ff10m,ff10m.1979_JAS.BN_RACMO2.3p2_ANT27_ERA5_3h.AIS.2km.DD.zarr,s3://nasa-cryo-scratch/jkingslake/Daily-2km-zarr/ff10m/ff10m.1979_JAS.BN_RACMO2.3p2_ANT27_ERA5_3h.AIS.2km.DD.zarr,902.776493,33,True
10,snowmelt,snowmelt.1979_JAS.BN_RACMO2.3p2_ANT27_ERA5_3h.AIS.2km.DD.zarr,s3://nasa-cryo-scratch/jkingslake/Daily-2km-zarr/snowmelt/snowmelt.1979_JAS.BN_RACMO2.3p2_ANT27_ERA5_3h.AIS.2km.DD.zarr,13.067844,1038,True
11,t2m,t2m.1979_JAS.BN_RACMO2.3p2_ANT27_ERA5_3h.AIS.2km.DD.zarr,s3://nasa-cryo-scratch/jkingslake/Daily-2km-zarr/t2m/t2m.1979_JAS.BN_RACMO2.3p2_ANT27_ERA5_3h.AIS.2km.DD.zarr,735.070096,33,True
12,snowmelt,snowmelt.1979_OND.BN_RACMO2.3p2_ANT27_ERA5_3h.AIS.2km.DD.zarr,s3://nasa-cryo-scratch/jkingslake/Daily-2km-zarr/snowmelt/snowmelt.1979_OND.BN_RACMO2.3p2_ANT27_ERA5_3h.AIS.2km.DD.zarr,87.167473,1038,True
13,ff10m,ff10m.1979_OND.BN_RACMO2.3p2_ANT27_ERA5_3h.AIS.2km.DD.zarr,s3://nasa-cryo-scratch/jkingslake/Daily-2km-zarr/ff10m/ff10m.1979_OND.BN_RACMO2.3p2_ANT27_ERA5_3h.AIS.2km.DD.zarr,901.520007,33,True
14,precip,precip.1979_OND.BN_RACMO2.3p2_ANT27_ERA5_3h.AIS.2km.DD.zarr,s3://nasa-cryo-scratch/jkingslake/Daily-2km-zarr/precip/precip.1979_OND.BN_RACMO2.3p2_ANT27_ERA5_3h.AIS.2km.DD.zarr,869.871145,33,True
15,t2m,t2m.1979_OND.BN_RACMO2.3p2_ANT27_ERA5_3h.AIS.2km.DD.zarr,s3://nasa-cryo-scratch/jkingslake/Daily-2km-zarr/t2m/t2m.1979_OND.BN_RACMO2.3p2_ANT27_ERA5_3h.AIS.2km.DD.zarr,716.345991,33,True
16,precip,precip.1980_JFM.BN_RACMO2.3p2_ANT27_ERA5_3h.AIS.2km.DD.zarr,s3://nasa-cryo-scratch/jkingslake/Daily-2km-zarr/precip/precip.1980_JFM.BN_RACMO2.3p2_ANT27_ERA5_3h.AIS.2km.DD.zarr,869.14342,33,True
17,ff10m,ff10m.1980_JFM.BN_RACMO2.3p2_ANT27_ERA5_3h.AIS.2km.DD.zarr,s3://nasa-cryo-scratch/jkingslake/Daily-2km-zarr/ff10m/ff10m.1980_JFM.BN_RACMO2.3p2_ANT27_ERA5_3h.AIS.2km.DD.zarr,894.843136,33,True
18,t2m,t2m.1980_JFM.BN_RACMO2.3p2_ANT27_ERA5_3h.AIS.2km.DD.zarr,s3://nasa-cryo-scratch/jkingslake/Daily-2km-zarr/t2m/t2m.1980_JFM.BN_RACMO2.3p2_ANT27_ERA5_3h.AIS.2km.DD.zarr,708.489763,33,True
19,snowmelt,snowmelt.1980_JFM.BN_RACMO2.3p2_ANT27_ERA5_3h.AIS.2km.DD.zarr,s3://nasa-cryo-scratch/jkingslake/Daily-2km-zarr/snowmelt/snowmelt.1980_JFM.BN_RACMO2.3p2_ANT27_ERA5_3h.AIS.2km.DD.zarr,97.48274,1038,True
20,ff10m,ff10m.1980_AMJ.BN_RACMO2.3p2_ANT27_ERA5_3h.AIS.2km.DD.zarr,s3://nasa-cryo-scratch/jkingslake/Daily-2km-zarr/ff10m/ff10m.1980_AMJ.BN_RACMO2.3p2_ANT27_ERA5_3h.AIS.2km.DD.zarr,794.460052,31,True
21,t2m,t2m.1980_AMJ.BN_RACMO2.3p2_ANT27_ERA5_3h.AIS.2km.DD.zarr,s3://nasa-cryo-scratch/jkingslake/Daily-2km-zarr/t2m/t2m.1980_AMJ.BN_RACMO2.3p2_ANT27_ERA5_3h.AIS.2km.DD.zarr,724.616631,33,True
22,snowmelt,snowmelt.1980_AMJ.BN_RACMO2.3p2_ANT27_ERA5_3h.AIS.2km.DD.zarr,s3://nasa-cryo-scratch/jkingslake/Daily-2km-zarr/snowmelt/snowmelt.1980_AMJ.BN_RACMO2.3p2_ANT27_ERA5_3h.AIS.2km.DD.zarr,11.577577,1038,True
23,precip,precip.1980_AMJ.BN_RACMO2.3p2_ANT27_ERA5_3h.AIS.2km.DD.zarr,s3://nasa-cryo-scratch/jkingslake/Daily-2km-zarr/precip/precip.1980_AMJ.BN_RACMO2.3p2_ANT27_ERA5_3h.AIS.2km.DD.zarr,905.81841,33,True
24,snowmelt,snowmelt.1980_JAS.BN_RACMO2.3p2_ANT27_ERA5_3h.AIS.2km.DD.zarr,s3://nasa-cryo-scratch/jkingslake/Daily-2km-zarr/snowmelt/snowmelt.1980_JAS.BN_RACMO2.3p2_ANT27_ERA5_3h.AIS.2km.DD.zarr,10.694693,1038,True
25,t2m,t2m.1980_JAS.BN_RACMO2.3p2_ANT27_ERA5_3h.AIS.2km.DD.zarr,s3://nasa-cryo-scratch/jkingslake/Daily-2km-zarr/t2m/t2m.1980_JAS.BN_RACMO2.3p2_ANT27_ERA5_3h.AIS.2km.DD.zarr,732.776728,33,True
26,ff10m,ff10m.1980_JAS.BN_RACMO2.3p2_ANT27_ERA5_3h.AIS.2km.DD.zarr,s3://nasa-cryo-scratch/jkingslake/Daily-2km-zarr/ff10m/ff10m.1980_JAS.BN_RACMO2.3p2_ANT27_ERA5_3h.AIS.2km.DD.zarr,902.577965,33,True
27,precip,precip.1980_JAS.BN_RACMO2.3p2_ANT27_ERA5_3h.AIS.2km.DD.zarr,s3://nasa-cryo-scratch/jkingslake/Daily-2km-zarr/precip/precip.1980_JAS.BN_RACMO2.3p2_ANT27_ERA5_3h.AIS.2km.DD.zarr,898.777976,33,True
28,snowmelt,snowmelt.1980_OND.BN_RACMO2.3p2_ANT27_ERA5_3h.AIS.2km.DD.zarr,s3://nasa-cryo-scratch/jkingslake/Daily-2km-zarr/snowmelt/snowmelt.1980_OND.BN_RACMO2.3p2_ANT27_ERA5_3h.AIS.2km.DD.zarr,77.383322,1038,True
29,t2m,t2m.1980_OND.BN_RACMO2.3p2_ANT27_ERA5_3h.AIS.2km.DD.zarr,s3://nasa-cryo-scratch/jkingslake/Daily-2km-zarr/t2m/t2m.1980_OND.BN_RACMO2.3p2_ANT27_ERA5_3h.AIS.2km.DD.zarr,716.379073,33,True
30,precip,precip.1980_OND.BN_RACMO2.3p2_ANT27_ERA5_3h.AIS.2km.DD.zarr,s3://nasa-cryo-scratch/jkingslake/Daily-2km-zarr/precip/precip.1980_OND.BN_RACMO2.3p2_ANT27_ERA5_3h.AIS.2km.DD.zarr,859.416142,33,True
31,ff10m,ff10m.1980_OND.BN_RACMO2.3p2_ANT27_ERA5_3h.AIS.2km.DD.zarr,s3://nasa-cryo-scratch/jkingslake/Daily-2km-zarr/ff10m/ff10m.1980_OND.BN_RACMO2.3p2_ANT27_ERA5_3h.AIS.2km.DD.zarr,901.134498,33,True
32,snowmelt,snowmelt.1981_JFM.BN_RACMO2.3p2_ANT27_ERA5_3h.AIS.2km.DD.zarr,s3://nasa-cryo-scratch/jkingslake/Daily-2km-zarr/snowmelt/snowmelt.1981_JFM.BN_RACMO2.3p2_ANT27_ERA5_3h.AIS.2km.DD.zarr,74.522801,974,True
33,precip,precip.1981_JFM.BN_RACMO2.3p2_ANT27_ERA5_3h.AIS.2km.DD.zarr,s3://nasa-cryo-scratch/jkingslake/Daily-2km-zarr/precip/precip.1981_JFM.BN_RACMO2.3p2_ANT27_ERA5_3h.AIS.2km.DD.zarr,855.2223,32,True
34,ff10m,ff10m.1981_JFM.BN_RACMO2.3p2_ANT27_ERA5_3h.AIS.2km.DD.zarr,s3://nasa-cryo-scratch/jkingslake/Daily-2km-zarr/ff10m/ff10m.1981_JFM.BN_RACMO2.3p2_ANT27_ERA5_3h.AIS.2km.DD.zarr,884.371828,32,True
35,t2m,t2m.1981_JFM.BN_RACMO2.3p2_ANT27_ERA5_3h.AIS.2km.DD.zarr,s3://nasa-cryo-scratch/jkingslake/Daily-2km-zarr/t2m/t2m.1981_JFM.BN_RACMO2.3p2_ANT27_ERA5_3h.AIS.2km.DD.zarr,700.604983,32,True
36,snowmelt,snowmelt.1981_AMJ.BN_RACMO2.3p2_ANT27_ERA5_3h.AIS.2km.DD.zarr,s3://nasa-cryo-scratch/jkingslake/Daily-2km-zarr/snowmelt/snowmelt.1981_AMJ.BN_RACMO2.3p2_ANT27_ERA5_3h.AIS.2km.DD.zarr,18.779818,1038,True
37,precip,precip.1981_AMJ.BN_RACMO2.3p2_ANT27_ERA5_3h.AIS.2km.DD.zarr,s3://nasa-cryo-scratch/jkingslake/Daily-2km-zarr/precip/precip.1981_AMJ.BN_RACMO2.3p2_ANT27_ERA5_3h.AIS.2km.DD.zarr,896.439734,33,True
38,ff10m,ff10m.1981_AMJ.BN_RACMO2.3p2_ANT27_ERA5_3h.AIS.2km.DD.zarr,s3://nasa-cryo-scratch/jkingslake/Daily-2km-zarr/ff10m/ff10m.1981_AMJ.BN_RACMO2.3p2_ANT27_ERA5_3h.AIS.2km.DD.zarr,344.858494,21,True
39,t2m,t2m.1981_AMJ.BN_RACMO2.3p2_ANT27_ERA5_3h.AIS.2km.DD.zarr,s3://nasa-cryo-scratch/jkingslake/Daily-2km-zarr/t2m/t2m.1981_AMJ.BN_RACMO2.3p2_ANT27_ERA5_3h.AIS.2km.DD.zarr,725.018143,33,True
40,t2m,t2m.1981_JAS.BN_RACMO2.3p2_ANT27_ERA5_3h.AIS.2km.DD.zarr,s3://nasa-cryo-scratch/jkingslake/Daily-2km-zarr/t2m/t2m.1981_JAS.BN_RACMO2.3p2_ANT27_ERA5_3h.AIS.2km.DD.zarr,278.073093,21,True
41,ff10m,ff10m.1981_JAS.BN_RACMO2.3p2_ANT27_ERA5_3h.AIS.2km.DD.zarr,s3://nasa-cryo-scratch/jkingslake/Daily-2km-zarr/ff10m/ff10m.1981_JAS.BN_RACMO2.3p2_ANT27_ERA5_3h.AIS.2km.DD.zarr,898.688089,33,True
42,snowmelt,snowmelt.1981_JAS.BN_RACMO2.3p2_ANT27_ERA5_3h.AIS.2km.DD.zarr,s3://nasa-cryo-scratch/jkingslake/Daily-2km-zarr/snowmelt/snowmelt.1981_JAS.BN_RACMO2.3p2_ANT27_ERA5_3h.AIS.2km.DD.zarr,11.839004,1038,True
43,precip,precip.1981_JAS.BN_RACMO2.3p2_ANT27_ERA5_3h.AIS.2km.DD.zarr,s3://nasa-cryo-scratch/jkingslake/Daily-2km-zarr/precip/precip.1981_JAS.BN_RACMO2.3p2_ANT27_ERA5_3h.AIS.2km.DD.zarr,909.43183,33,True
44,t2m,t2m.1981_OND.BN_RACMO2.3p2_ANT27_ERA5_3h.AIS.2km.DD.zarr,s3://nasa-cryo-scratch/jkingslake/Daily-2km-zarr/t2m/t2m.1981_OND.BN_RACMO2.3p2_ANT27_ERA5_3h.AIS.2km.DD.zarr,716.309102,33,True
45,ff10m,ff10m.1981_OND.BN_RACMO2.3p2_ANT27_ERA5_3h.AIS.2km.DD.zarr,s3://nasa-cryo-scratch/jkingslake/Daily-2km-zarr/ff10m/ff10m.1981_OND.BN_RACMO2.3p2_ANT27_ERA5_3h.AIS.2km.DD.zarr,901.322382,33,True
46,snowmelt,snowmelt.1981_OND.BN_RACMO2.3p2_ANT27_ERA5_3h.AIS.2km.DD.zarr,s3://nasa-cryo-scratch/jkingslake/Daily-2km-zarr/snowmelt/snowmelt.1981_OND.BN_RACMO2.3p2_ANT27_ERA5_3h.AIS.2km.DD.zarr,69.00406,1038,True
47,precip,precip.1981_OND.BN_RACMO2.3p2_ANT27_ERA5_3h.AIS.2km.DD.zarr,s3://nasa-cryo-scratch/jkingslake/Daily-2km-zarr/precip/precip.1981_OND.BN_RACMO2.3p2_ANT27_ERA5_3h.AIS.2km.DD.zarr,851.921633,33,True
48,ff10m,ff10m.1982_JFM.BN_RACMO2.3p2_ANT27_ERA5_3h.AIS.2km.DD.zarr,s3://nasa-cryo-scratch/jkingslake/Daily-2km-zarr/ff10m/ff10m.1982_JFM.BN_RACMO2.3p2_ANT27_ERA5_3h.AIS.2km.DD.zarr,886.783587,32,True
49,snowmelt,snowmelt.1982_JFM.BN_RACMO2.3p2_ANT27_ERA5_3h.AIS.2km.DD.zarr,s3://nasa-cryo-scratch/jkingslake/Daily-2km-zarr/snowmelt/snowmelt.1982_JFM.BN_RACMO2.3p2_ANT27_ERA5_3h.AIS.2km.DD.zarr,89.456193,974,True
50,t2m,t2m.1982_JFM.BN_RACMO2.3p2_ANT27_ERA5_3h.AIS.2km.DD.zarr,s3://nasa-cryo-scratch/jkingslake/Daily-2km-zarr/t2m/t2m.1982_JFM.BN_RACMO2.3p2_ANT27_ERA5_3h.AIS.2km.DD.zarr,701.729569,32,True
51,precip,precip.1982_JFM.BN_RACMO2.3p2_ANT27_ERA5_3h.AIS.2km.DD.zarr,s3://nasa-cryo-scratch/jkingslake/Daily-2km-zarr/precip/precip.1982_JFM.BN_RACMO2.3p2_ANT27_ERA5_3h.AIS.2km.DD.zarr,858.446776,32,True
52,ff10m,ff10m.1982_AMJ.BN_RACMO2.3p2_ANT27_ERA5_3h.AIS.2km.DD.zarr,s3://nasa-cryo-scratch/jkingslake/Daily-2km-zarr/ff10m/ff10m.1982_AMJ.BN_RACMO2.3p2_ANT27_ERA5_3h.AIS.2km.DD.zarr,696.278481,29,True
53,precip,precip.1982_AMJ.BN_RACMO2.3p2_ANT27_ERA5_3h.AIS.2km.DD.zarr,s3://nasa-cryo-scratch/jkingslake/Daily-2km-zarr/precip/precip.1982_AMJ.BN_RACMO2.3p2_ANT27_ERA5_3h.AIS.2km.DD.zarr,547.061647,26,True
54,snowmelt,snowmelt.1982_AMJ.BN_RACMO2.3p2_ANT27_ERA5_3h.AIS.2km.DD.zarr,s3://nasa-cryo-scratch/jkingslake/Daily-2km-zarr/snowmelt/snowmelt.1982_AMJ.BN_RACMO2.3p2_ANT27_ERA5_3h.AIS.2km.DD.zarr,19.356894,1038,True
55,t2m,t2m.1982_AMJ.BN_RACMO2.3p2_ANT27_ERA5_3h.AIS.2km.DD.zarr,s3://nasa-cryo-scratch/jkingslake/Daily-2km-zarr/t2m/t2m.1982_AMJ.BN_RACMO2.3p2_ANT27_ERA5_3h.AIS.2km.DD.zarr,725.049754,33,True
56,snowmelt,snowmelt.1982_JAS.BN_RACMO2.3p2_ANT27_ERA5_3h.AIS.2km.DD.zarr,s3://nasa-cryo-scratch/jkingslake/Daily-2km-zarr/snowmelt/snowmelt.1982_JAS.BN_RACMO2.3p2_ANT27_ERA5_3h.AIS.2km.DD.zarr,10.741352,1038,True
57,ff10m,ff10m.1982_JAS.BN_RACMO2.3p2_ANT27_ERA5_3h.AIS.2km.DD.zarr,s3://nasa-cryo-scratch/jkingslake/Daily-2km-zarr/ff10m/ff10m.1982_JAS.BN_RACMO2.3p2_ANT27_ERA5_3h.AIS.2km.DD.zarr,902.571299,33,True
58,t2m,t2m.1982_JAS.BN_RACMO2.3p2_ANT27_ERA5_3h.AIS.2km.DD.zarr,s3://nasa-cryo-scratch/jkingslake/Daily-2km-zarr/t2m/t2m.1982_JAS.BN_RACMO2.3p2_ANT27_ERA5_3h.AIS.2km.DD.zarr,733.596399,33,True
59,precip,precip.1982_JAS.BN_RACMO2.3p2_ANT27_ERA5_3h.AIS.2km.DD.zarr,s3://nasa-cryo-scratch/jkingslake/Daily-2km-zarr/precip/precip.1982_JAS.BN_RACMO2.3p2_ANT27_ERA5_3h.AIS.2km.DD.zarr,902.515811,33,True
60,precip,precip.1982_OND.BN_RACMO2.3p2_ANT27_ERA5_3h.AIS.2km.DD.zarr,s3://nasa-cryo-scratch/jkingslake/Daily-2km-zarr/precip/precip.1982_OND.BN_RACMO2.3p2_ANT27_ERA5_3h.AIS.2km.DD.zarr,859.304996,33,True
61,snowmelt,snowmelt.1982_OND.BN_RACMO2.3p2_ANT27_ERA5_3h.AIS.2km.DD.zarr,s3://nasa-cryo-scratch/jkingslake/Daily-2km-zarr/snowmelt/snowmelt.1982_OND.BN_RACMO2.3p2_ANT27_ERA5_3h.AIS.2km.DD.zarr,86.491352,1038,True
62,t2m,t2m.1982_OND.BN_RACMO2.3p2_ANT27_ERA5_3h.AIS.2km.DD.zarr,s3://nasa-cryo-scratch/jkingslake/Daily-2km-zarr/t2m/t2m.1982_OND.BN_RACMO2.3p2_ANT27_ERA5_3h.AIS.2km.DD.zarr,714.621171,33,True
63,ff10m,ff10m.1982_OND.BN_RACMO2.3p2_ANT27_ERA5_3h.AIS.2km.DD.zarr,s3://nasa-cryo-scratch/jkingslake/Daily-2km-zarr/ff10m/ff10m.1982_OND.BN_RACMO2.3p2_ANT27_ERA5_3h.AIS.2km.DD.zarr,899.854435,33,True
64,t2m,t2m.1983_JFM.BN_RACMO2.3p2_ANT27_ERA5_3h.AIS.2km.DD.zarr,s3://nasa-cryo-scratch/jkingslake/Daily-2km-zarr/t2m/t2m.1983_JFM.BN_RACMO2.3p2_ANT27_ERA5_3h.AIS.2km.DD.zarr,701.131932,32,True
65,snowmelt,snowmelt.1983_JFM.BN_RACMO2.3p2_ANT27_ERA5_3h.AIS.2km.DD.zarr,s3://nasa-cryo-scratch/jkingslake/Daily-2km-zarr/snowmelt/snowmelt.1983_JFM.BN_RACMO2.3p2_ANT27_ERA5_3h.AIS.2km.DD.zarr,79.559119,974,True
66,precip,precip.1983_JFM.BN_RACMO2.3p2_ANT27_ERA5_3h.AIS.2km.DD.zarr,s3://nasa-cryo-scratch/jkingslake/Daily-2km-zarr/precip/precip.1983_JFM.BN_RACMO2.3p2_ANT27_ERA5_3h.AIS.2km.DD.zarr,831.31248,32,True
67,ff10m,ff10m.1983_JFM.BN_RACMO2.3p2_ANT27_ERA5_3h.AIS.2km.DD.zarr,s3://nasa-cryo-scratch/jkingslake/Daily-2km-zarr/ff10m/ff10m.1983_JFM.BN_RACMO2.3p2_ANT27_ERA5_3h.AIS.2km.DD.zarr,884.835877,32,True
68,precip,precip.1983_AMJ.BN_RACMO2.3p2_ANT27_ERA5_3h.AIS.2km.DD.zarr,s3://nasa-cryo-scratch/jkingslake/Daily-2km-zarr/precip/precip.1983_AMJ.BN_RACMO2.3p2_ANT27_ERA5_3h.AIS.2km.DD.zarr,897.980242,33,True
69,snowmelt,snowmelt.1983_AMJ.BN_RACMO2.3p2_ANT27_ERA5_3h.AIS.2km.DD.zarr,s3://nasa-cryo-scratch/jkingslake/Daily-2km-zarr/snowmelt/snowmelt.1983_AMJ.BN_RACMO2.3p2_ANT27_ERA5_3h.AIS.2km.DD.zarr,18.979071,1038,True
70,t2m,t2m.1983_AMJ.BN_RACMO2.3p2_ANT27_ERA5_3h.AIS.2km.DD.zarr,s3://nasa-cryo-scratch/jkingslake/Daily-2km-zarr/t2m/t2m.1983_AMJ.BN_RACMO2.3p2_ANT27_ERA5_3h.AIS.2km.DD.zarr,723.819034,33,True
71,ff10m,ff10m.1983_AMJ.BN_RACMO2.3p2_ANT27_ERA5_3h.AIS.2km.DD.zarr,s3://nasa-cryo-scratch/jkingslake/Daily-2km-zarr/ff10m/ff10m.1983_AMJ.BN_RACMO2.3p2_ANT27_ERA5_3h.AIS.2km.DD.zarr,891.571804,33,True
72,ff10m,ff10m.1983_JAS.BN_RACMO2.3p2_ANT27_ERA5_3h.AIS.2km.DD.zarr,s3://nasa-cryo-scratch/jkingslake/Daily-2km-zarr/ff10m/ff10m.1983_JAS.BN_RACMO2.3p2_ANT27_ERA5_3h.AIS.2km.DD.zarr,901.661089,33,True
73,precip,precip.1983_JAS.BN_RACMO2.3p2_ANT27_ERA5_3h.AIS.2km.DD.zarr,s3://nasa-cryo-scratch/jkingslake/Daily-2km-zarr/precip/precip.1983_JAS.BN_RACMO2.3p2_ANT27_ERA5_3h.AIS.2km.DD.zarr,908.079348,33,True
74,t2m,t2m.1983_JAS.BN_RACMO2.3p2_ANT27_ERA5_3h.AIS.2km.DD.zarr,s3://nasa-cryo-scratch/jkingslake/Daily-2km-zarr/t2m/t2m.1983_JAS.BN_RACMO2.3p2_ANT27_ERA5_3h.AIS.2km.DD.zarr,733.924472,33,True
75,snowmelt,snowmelt.1983_JAS.BN_RACMO2.3p2_ANT27_ERA5_3h.AIS.2km.DD.zarr,s3://nasa-cryo-scratch/jkingslake/Daily-2km-zarr/snowmelt/snowmelt.1983_JAS.BN_RACMO2.3p2_ANT27_ERA5_3h.AIS.2km.DD.zarr,20.152961,1038,True
76,ff10m,ff10m.1983_OND.BN_RACMO2.3p2_ANT27_ERA5_3h.AIS.2km.DD.zarr,s3://nasa-cryo-scratch/jkingslake/Daily-2km-zarr/ff10m/ff10m.1983_OND.BN_RACMO2.3p2_ANT27_ERA5_3h.AIS.2km.DD.zarr,900.903333,33,True
77,snowmelt,snowmelt.1983_OND.BN_RACMO2.3p2_ANT27_ERA5_3h.AIS.2km.DD.zarr,s3://nasa-cryo-scratch/jkingslake/Daily-2km-zarr/snowmelt/snowmelt.1983_OND.BN_RACMO2.3p2_ANT27_ERA5_3h.AIS.2km.DD.zarr,59.348387,1038,True
78,t2m,t2m.1983_OND.BN_RACMO2.3p2_ANT27_ERA5_3h.AIS.2km.DD.zarr,s3://nasa-cryo-scratch/jkingslake/Daily-2km-zarr/t2m/t2m.1983_OND.BN_RACMO2.3p2_ANT27_ERA5_3h.AIS.2km.DD.zarr,717.472432,33,True
79,precip,precip.1983_OND.BN_RACMO2.3p2_ANT27_ERA5_3h.AIS.2km.DD.zarr,s3://nasa-cryo-scratch/jkingslake/Daily-2km-zarr/precip/precip.1983_OND.BN_RACMO2.3p2_ANT27_ERA5_3h.AIS.2km.DD.zarr,855.798431,33,True
80,precip,precip.1984_JFM.BN_RACMO2.3p2_ANT27_ERA5_3h.AIS.2km.DD.zarr,s3://nasa-cryo-scratch/jkingslake/Daily-2km-zarr/precip/precip.1984_JFM.BN_RACMO2.3p2_ANT27_ERA5_3h.AIS.2km.DD.zarr,808.890148,32,True
81,t2m,t2m.1984_JFM.BN_RACMO2.3p2_ANT27_ERA5_3h.AIS.2km.DD.zarr,s3://nasa-cryo-scratch/jkingslake/Daily-2km-zarr/t2m/t2m.1984_JFM.BN_RACMO2.3p2_ANT27_ERA5_3h.AIS.2km.DD.zarr,708.906789,33,True
82,snowmelt,snowmelt.1984_JFM.BN_RACMO2.3p2_ANT27_ERA5_3h.AIS.2km.DD.zarr,s3://nasa-cryo-scratch/jkingslake/Daily-2km-zarr/snowmelt/snowmelt.1984_JFM.BN_RACMO2.3p2_ANT27_ERA5_3h.AIS.2km.DD.zarr,93.132145,1038,True
83,ff10m,ff10m.1984_JFM.BN_RACMO2.3p2_ANT27_ERA5_3h.AIS.2km.DD.zarr,s3://nasa-cryo-scratch/jkingslake/Daily-2km-zarr/ff10m/ff10m.1984_JFM.BN_RACMO2.3p2_ANT27_ERA5_3h.AIS.2km.DD.zarr,894.535732,33,True
84,ff10m,ff10m.1984_AMJ.BN_RACMO2.3p2_ANT27_ERA5_3h.AIS.2km.DD.zarr,s3://nasa-cryo-scratch/jkingslake/Daily-2km-zarr/ff10m/ff10m.1984_AMJ.BN_RACMO2.3p2_ANT27_ERA5_3h.AIS.2km.DD.zarr,245.062078,19,True
85,snowmelt,snowmelt.1984_AMJ.BN_RACMO2.3p2_ANT27_ERA5_3h.AIS.2km.DD.zarr,s3://nasa-cryo-scratch/jkingslake/Daily-2km-zarr/snowmelt/snowmelt.1984_AMJ.BN_RACMO2.3p2_ANT27_ERA5_3h.AIS.2km.DD.zarr,10.446359,1038,True
86,precip,precip.1984_AMJ.BN_RACMO2.3p2_ANT27_ERA5_3h.AIS.2km.DD.zarr,s3://nasa-cryo-scratch/jkingslake/Daily-2km-zarr/precip/precip.1984_AMJ.BN_RACMO2.3p2_ANT27_ERA5_3h.AIS.2km.DD.zarr,900.01823,33,True
87,t2m,t2m.1984_AMJ.BN_RACMO2.3p2_ANT27_ERA5_3h.AIS.2km.DD.zarr,s3://nasa-cryo-scratch/jkingslake/Daily-2km-zarr/t2m/t2m.1984_AMJ.BN_RACMO2.3p2_ANT27_ERA5_3h.AIS.2km.DD.zarr,724.7348,33,True
88,t2m,t2m.1984_JAS.BN_RACMO2.3p2_ANT27_ERA5_3h.AIS.2km.DD.zarr,s3://nasa-cryo-scratch/jkingslake/Daily-2km-zarr/t2m/t2m.1984_JAS.BN_RACMO2.3p2_ANT27_ERA5_3h.AIS.2km.DD.zarr,734.542022,33,True
89,precip,precip.1984_JAS.BN_RACMO2.3p2_ANT27_ERA5_3h.AIS.2km.DD.zarr,s3://nasa-cryo-scratch/jkingslake/Daily-2km-zarr/precip/precip.1984_JAS.BN_RACMO2.3p2_ANT27_ERA5_3h.AIS.2km.DD.zarr,899.19685,33,True
90,ff10m,ff10m.1984_JAS.BN_RACMO2.3p2_ANT27_ERA5_3h.AIS.2km.DD.zarr,s3://nasa-cryo-scratch/jkingslake/Daily-2km-zarr/ff10m/ff10m.1984_JAS.BN_RACMO2.3p2_ANT27_ERA5_3h.AIS.2km.DD.zarr,899.995082,33,True
91,snowmelt,snowmelt.1984_JAS.BN_RACMO2.3p2_ANT27_ERA5_3h.AIS.2km.DD.zarr,s3://nasa-cryo-scratch/jkingslake/Daily-2km-zarr/snowmelt/snowmelt.1984_JAS.BN_RACMO2.3p2_ANT27_ERA5_3h.AIS.2km.DD.zarr,11.321784,1038,True
92,t2m,t2m.1984_OND.BN_RACMO2.3p2_ANT27_ERA5_3h.AIS.2km.DD.zarr,s3://nasa-cryo-scratch/jkingslake/Daily-2km-zarr/t2m/t2m.1984_OND.BN_RACMO2.3p2_ANT27_ERA5_3h.AIS.2km.DD.zarr,715.467712,33,True
93,precip,precip.1984_OND.BN_RACMO2.3p2_ANT27_ERA5_3h.AIS.2km.DD.zarr,s3://nasa-cryo-scratch/jkingslake/Daily-2km-zarr/precip/precip.1984_OND.BN_RACMO2.3p2_ANT27_ERA5_3h.AIS.2km.DD.zarr,849.753594,33,True
94,ff10m,ff10m.1984_OND.BN_RACMO2.3p2_ANT27_ERA5_3h.AIS.2km.DD.zarr,s3://nasa-cryo-scratch/jkingslake/Daily-2km-zarr/ff10m/ff10m.1984_OND.BN_RACMO2.3p2_ANT27_ERA5_3h.AIS.2km.DD.zarr,901.213706,33,True
95,snowmelt,snowmelt.1984_OND.BN_RACMO2.3p2_ANT27_ERA5_3h.AIS.2km.DD.zarr,s3://nasa-cryo-scratch/jkingslake/Daily-2km-zarr/snowmelt/snowmelt.1984_OND.BN_RACMO2.3p2_ANT27_ERA5_3h.AIS.2km.DD.zarr,74.691067,1038,True
96,snowmelt,snowmelt.1985_JFM.BN_RACMO2.3p2_ANT27_ERA5_3h.AIS.2km.DD.zarr,s3://nasa-cryo-scratch/jkingslake/Daily-2km-zarr/snowmelt/snowmelt.1985_JFM.BN_RACMO2.3p2_ANT27_ERA5_3h.AIS.2km.DD.zarr,60.730045,974,True
97,precip,precip.1985_JFM.BN_RACMO2.3p2_ANT27_ERA5_3h.AIS.2km.DD.zarr,s3://nasa-cryo-scratch/jkingslake/Daily-2km-zarr/precip/precip.1985_JFM.BN_RACMO2.3p2_ANT27_ERA5_3h.AIS.2km.DD.zarr,843.574765,32,True
98,t2m,t2m.1985_JFM.BN_RACMO2.3p2_ANT27_ERA5_3h.AIS.2km.DD.zarr,s3://nasa-cryo-scratch/jkingslake/Daily-2km-zarr/t2m/t2m.1985_JFM.BN_RACMO2.3p2_ANT27_ERA5_3h.AIS.2km.DD.zarr,701.436732,32,True
99,ff10m,ff10m.1985_JFM.BN_RACMO2.3p2_ANT27_ERA5_3h.AIS.2km.DD.zarr,s3://nasa-cryo-scratch/jkingslake/Daily-2km-zarr/ff10m/ff10m.1985_JFM.BN_RACMO2.3p2_ANT27_ERA5_3h.AIS.2km.DD.zarr,639.458976,27,True
100,precip,precip.1985_AMJ.BN_RACMO2.3p2_ANT27_ERA5_3h.AIS.2km.DD.zarr,s3://nasa-cryo-scratch/jkingslake/Daily-2km-zarr/precip/precip.1985_AMJ.BN_RACMO2.3p2_ANT27_ERA5_3h.AIS.2km.DD.zarr,608.271916,27,True
101,t2m,t2m.1985_AMJ.BN_RACMO2.3p2_ANT27_ERA5_3h.AIS.2km.DD.zarr,s3://nasa-cryo-scratch/jkingslake/Daily-2km-zarr/t2m/t2m.1985_AMJ.BN_RACMO2.3p2_ANT27_ERA5_3h.AIS.2km.DD.zarr,724.932854,33,True
102,ff10m,ff10m.1985_AMJ.BN_RACMO2.3p2_ANT27_ERA5_3h.AIS.2km.DD.zarr,s3://nasa-cryo-scratch/jkingslake/Daily-2km-zarr/ff10m/ff10m.1985_AMJ.BN_RACMO2.3p2_ANT27_ERA5_3h.AIS.2km.DD.zarr,892.65155,33,True
103,snowmelt,snowmelt.1985_AMJ.BN_RACMO2.3p2_ANT27_ERA5_3h.AIS.2km.DD.zarr,s3://nasa-cryo-scratch/jkingslake/Daily-2km-zarr/snowmelt/snowmelt.1985_AMJ.BN_RACMO2.3p2_ANT27_ERA5_3h.AIS.2km.DD.zarr,13.592111,1038,True
104,ff10m,ff10m.1985_JAS.BN_RACMO2.3p2_ANT27_ERA5_3h.AIS.2km.DD.zarr,s3://nasa-cryo-scratch/jkingslake/Daily-2km-zarr/ff10m/ff10m.1985_JAS.BN_RACMO2.3p2_ANT27_ERA5_3h.AIS.2km.DD.zarr,558.73417,26,True
105,snowmelt,snowmelt.1985_JAS.BN_RACMO2.3p2_ANT27_ERA5_3h.AIS.2km.DD.zarr,s3://nasa-cryo-scratch/jkingslake/Daily-2km-zarr/snowmelt/snowmelt.1985_JAS.BN_RACMO2.3p2_ANT27_ERA5_3h.AIS.2km.DD.zarr,10.245551,1038,True
106,precip,precip.1985_JAS.BN_RACMO2.3p2_ANT27_ERA5_3h.AIS.2km.DD.zarr,s3://nasa-cryo-scratch/jkingslake/Daily-2km-zarr/precip/precip.1985_JAS.BN_RACMO2.3p2_ANT27_ERA5_3h.AIS.2km.DD.zarr,907.267074,33,True
107,t2m,t2m.1985_JAS.BN_RACMO2.3p2_ANT27_ERA5_3h.AIS.2km.DD.zarr,s3://nasa-cryo-scratch/jkingslake/Daily-2km-zarr/t2m/t2m.1985_JAS.BN_RACMO2.3p2_ANT27_ERA5_3h.AIS.2km.DD.zarr,733.79662,33,True
108,t2m,t2m.1985_OND.BN_RACMO2.3p2_ANT27_ERA5_3h.AIS.2km.DD.zarr,s3://nasa-cryo-scratch/jkingslake/Daily-2km-zarr/t2m/t2m.1985_OND.BN_RACMO2.3p2_ANT27_ERA5_3h.AIS.2km.DD.zarr,716.291725,33,True
109,precip,precip.1985_OND.BN_RACMO2.3p2_ANT27_ERA5_3h.AIS.2km.DD.zarr,s3://nasa-cryo-scratch/jkingslake/Daily-2km-zarr/precip/precip.1985_OND.BN_RACMO2.3p2_ANT27_ERA5_3h.AIS.2km.DD.zarr,870.23851,33,True
110,snowmelt,snowmelt.1985_OND.BN_RACMO2.3p2_ANT27_ERA5_3h.AIS.2km.DD.zarr,s3://nasa-cryo-scratch/jkingslake/Daily-2km-zarr/snowmelt/snowmelt.1985_OND.BN_RACMO2.3p2_ANT27_ERA5_3h.AIS.2km.DD.zarr,97.463552,1038,True
111,ff10m,ff10m.1985_OND.BN_RACMO2.3p2_ANT27_ERA5_3h.AIS.2km.DD.zarr,s3://nasa-cryo-scratch/jkingslake/Daily-2km-zarr/ff10m/ff10m.1985_OND.BN_RACMO2.3p2_ANT27_ERA5_3h.AIS.2km.DD.zarr,899.802864,33,True
112,t2m,t2m.1986_JFM.BN_RACMO2.3p2_ANT27_ERA5_3h.AIS.2km.DD.zarr,s3://nasa-cryo-scratch/jkingslake/Daily-2km-zarr/t2m/t2m.1986_JFM.BN_RACMO2.3p2_ANT27_ERA5_3h.AIS.2km.DD.zarr,699.952001,32,True
113,snowmelt,snowmelt.1986_JFM.BN_RACMO2.3p2_ANT27_ERA5_3h.AIS.2km.DD.zarr,s3://nasa-cryo-scratch/jkingslake/Daily-2km-zarr/snowmelt/snowmelt.1986_JFM.BN_RACMO2.3p2_ANT27_ERA5_3h.AIS.2km.DD.zarr,88.289098,974,True
114,precip,precip.1986_JFM.BN_RACMO2.3p2_ANT27_ERA5_3h.AIS.2km.DD.zarr,s3://nasa-cryo-scratch/jkingslake/Daily-2km-zarr/precip/precip.1986_JFM.BN_RACMO2.3p2_ANT27_ERA5_3h.AIS.2km.DD.zarr,845.80564,32,True
115,ff10m,ff10m.1986_JFM.BN_RACMO2.3p2_ANT27_ERA5_3h.AIS.2km.DD.zarr,s3://nasa-cryo-scratch/jkingslake/Daily-2km-zarr/ff10m/ff10m.1986_JFM.BN_RACMO2.3p2_ANT27_ERA5_3h.AIS.2km.DD.zarr,882.001226,32,True
116,ff10m,ff10m.1986_AMJ.BN_RACMO2.3p2_ANT27_ERA5_3h.AIS.2km.DD.zarr,s3://nasa-cryo-scratch/jkingslake/Daily-2km-zarr/ff10m/ff10m.1986_AMJ.BN_RACMO2.3p2_ANT27_ERA5_3h.AIS.2km.DD.zarr,893.0744,33,True
117,snowmelt,snowmelt.1986_AMJ.BN_RACMO2.3p2_ANT27_ERA5_3h.AIS.2km.DD.zarr,s3://nasa-cryo-scratch/jkingslake/Daily-2km-zarr/snowmelt/snowmelt.1986_AMJ.BN_RACMO2.3p2_ANT27_ERA5_3h.AIS.2km.DD.zarr,10.620331,1038,True
118,t2m,t2m.1986_AMJ.BN_RACMO2.3p2_ANT27_ERA5_3h.AIS.2km.DD.zarr,s3://nasa-cryo-scratch/jkingslake/Daily-2km-zarr/t2m/t2m.1986_AMJ.BN_RACMO2.3p2_ANT27_ERA5_3h.AIS.2km.DD.zarr,724.71723,33,True
119,precip,precip.1986_AMJ.BN_RACMO2.3p2_ANT27_ERA5_3h.AIS.2km.DD.zarr,s3://nasa-cryo-scratch/jkingslake/Daily-2km-zarr/precip/precip.1986_AMJ.BN_RACMO2.3p2_ANT27_ERA5_3h.AIS.2km.DD.zarr,901.651744,33,True
120,precip,precip.1986_JAS.BN_RACMO2.3p2_ANT27_ERA5_3h.AIS.2km.DD.zarr,s3://nasa-cryo-scratch/jkingslake/Daily-2km-zarr/precip/precip.1986_JAS.BN_RACMO2.3p2_ANT27_ERA5_3h.AIS.2km.DD.zarr,906.65736,33,True
121,snowmelt,snowmelt.1986_JAS.BN_RACMO2.3p2_ANT27_ERA5_3h.AIS.2km.DD.zarr,s3://nasa-cryo-scratch/jkingslake/Daily-2km-zarr/snowmelt/snowmelt.1986_JAS.BN_RACMO2.3p2_ANT27_ERA5_3h.AIS.2km.DD.zarr,21.64096,1038,True
122,ff10m,ff10m.1986_JAS.BN_RACMO2.3p2_ANT27_ERA5_3h.AIS.2km.DD.zarr,s3://nasa-cryo-scratch/jkingslake/Daily-2km-zarr/ff10m/ff10m.1986_JAS.BN_RACMO2.3p2_ANT27_ERA5_3h.AIS.2km.DD.zarr,489.292327,24,True
123,t2m,t2m.1986_JAS.BN_RACMO2.3p2_ANT27_ERA5_3h.AIS.2km.DD.zarr,s3://nasa-cryo-scratch/jkingslake/Daily-2km-zarr/t2m/t2m.1986_JAS.BN_RACMO2.3p2_ANT27_ERA5_3h.AIS.2km.DD.zarr,734.121327,33,True
124,ff10m,ff10m.1986_OND.BN_RACMO2.3p2_ANT27_ERA5_3h.AIS.2km.DD.zarr,s3://nasa-cryo-scratch/jkingslake/Daily-2km-zarr/ff10m/ff10m.1986_OND.BN_RACMO2.3p2_ANT27_ERA5_3h.AIS.2km.DD.zarr,898.77474,33,True
125,snowmelt,snowmelt.1986_OND.BN_RACMO2.3p2_ANT27_ERA5_3h.AIS.2km.DD.zarr,s3://nasa-cryo-scratch/jkingslake/Daily-2km-zarr/snowmelt/snowmelt.1986_OND.BN_RACMO2.3p2_ANT27_ERA5_3h.AIS.2km.DD.zarr,84.743421,1038,True
126,precip,precip.1986_OND.BN_RACMO2.3p2_ANT27_ERA5_3h.AIS.2km.DD.zarr,s3://nasa-cryo-scratch/jkingslake/Daily-2km-zarr/precip/precip.1986_OND.BN_RACMO2.3p2_ANT27_ERA5_3h.AIS.2km.DD.zarr,845.263467,33,True
127,t2m,t2m.1986_OND.BN_RACMO2.3p2_ANT27_ERA5_3h.AIS.2km.DD.zarr,s3://nasa-cryo-scratch/jkingslake/Daily-2km-zarr/t2m/t2m.1986_OND.BN_RACMO2.3p2_ANT27_ERA5_3h.AIS.2km.DD.zarr,715.936899,33,True
128,ff10m,ff10m.1987_JFM.BN_RACMO2.3p2_ANT27_ERA5_3h.AIS.2km.DD.zarr,s3://nasa-cryo-scratch/jkingslake/Daily-2km-zarr/ff10m/ff10m.1987_JFM.BN_RACMO2.3p2_ANT27_ERA5_3h.AIS.2km.DD.zarr,589.634767,26,True
129,t2m,t2m.1987_JFM.BN_RACMO2.3p2_ANT27_ERA5_3h.AIS.2km.DD.zarr,s3://nasa-cryo-scratch/jkingslake/Daily-2km-zarr/t2m/t2m.1987_JFM.BN_RACMO2.3p2_ANT27_ERA5_3h.AIS.2km.DD.zarr,701.026575,32,True
130,precip,precip.1987_JFM.BN_RACMO2.3p2_ANT27_ERA5_3h.AIS.2km.DD.zarr,s3://nasa-cryo-scratch/jkingslake/Daily-2km-zarr/precip/precip.1987_JFM.BN_RACMO2.3p2_ANT27_ERA5_3h.AIS.2km.DD.zarr,857.646234,32,True
131,snowmelt,snowmelt.1987_JFM.BN_RACMO2.3p2_ANT27_ERA5_3h.AIS.2km.DD.zarr,s3://nasa-cryo-scratch/jkingslake/Daily-2km-zarr/snowmelt/snowmelt.1987_JFM.BN_RACMO2.3p2_ANT27_ERA5_3h.AIS.2km.DD.zarr,99.756836,974,True
132,precip,precip.1987_AMJ.BN_RACMO2.3p2_ANT27_ERA5_3h.AIS.2km.DD.zarr,s3://nasa-cryo-scratch/jkingslake/Daily-2km-zarr/precip/precip.1987_AMJ.BN_RACMO2.3p2_ANT27_ERA5_3h.AIS.2km.DD.zarr,197.410891,18,True
133,t2m,t2m.1987_AMJ.BN_RACMO2.3p2_ANT27_ERA5_3h.AIS.2km.DD.zarr,s3://nasa-cryo-scratch/jkingslake/Daily-2km-zarr/t2m/t2m.1987_AMJ.BN_RACMO2.3p2_ANT27_ERA5_3h.AIS.2km.DD.zarr,725.075056,33,True
134,snowmelt,snowmelt.1987_AMJ.BN_RACMO2.3p2_ANT27_ERA5_3h.AIS.2km.DD.zarr,s3://nasa-cryo-scratch/jkingslake/Daily-2km-zarr/snowmelt/snowmelt.1987_AMJ.BN_RACMO2.3p2_ANT27_ERA5_3h.AIS.2km.DD.zarr,10.299788,1038,True
135,ff10m,ff10m.1987_AMJ.BN_RACMO2.3p2_ANT27_ERA5_3h.AIS.2km.DD.zarr,s3://nasa-cryo-scratch/jkingslake/Daily-2km-zarr/ff10m/ff10m.1987_AMJ.BN_RACMO2.3p2_ANT27_ERA5_3h.AIS.2km.DD.zarr,894.205152,33,True
136,snowmelt,snowmelt.1987_JAS.BN_RACMO2.3p2_ANT27_ERA5_3h.AIS.2km.DD.zarr,s3://nasa-cryo-scratch/jkingslake/Daily-2km-zarr/snowmelt/snowmelt.1987_JAS.BN_RACMO2.3p2_ANT27_ERA5_3h.AIS.2km.DD.zarr,10.233378,1038,True
137,t2m,t2m.1987_JAS.BN_RACMO2.3p2_ANT27_ERA5_3h.AIS.2km.DD.zarr,s3://nasa-cryo-scratch/jkingslake/Daily-2km-zarr/t2m/t2m.1987_JAS.BN_RACMO2.3p2_ANT27_ERA5_3h.AIS.2km.DD.zarr,734.587546,33,True
138,precip,precip.1987_JAS.BN_RACMO2.3p2_ANT27_ERA5_3h.AIS.2km.DD.zarr,s3://nasa-cryo-scratch/jkingslake/Daily-2km-zarr/precip/precip.1987_JAS.BN_RACMO2.3p2_ANT27_ERA5_3h.AIS.2km.DD.zarr,903.327883,33,True
139,ff10m,ff10m.1987_JAS.BN_RACMO2.3p2_ANT27_ERA5_3h.AIS.2km.DD.zarr,s3://nasa-cryo-scratch/jkingslake/Daily-2km-zarr/ff10m/ff10m.1987_JAS.BN_RACMO2.3p2_ANT27_ERA5_3h.AIS.2km.DD.zarr,902.665775,33,True
140,snowmelt,snowmelt.1987_OND.BN_RACMO2.3p2_ANT27_ERA5_3h.AIS.2km.DD.zarr,s3://nasa-cryo-scratch/jkingslake/Daily-2km-zarr/snowmelt/snowmelt.1987_OND.BN_RACMO2.3p2_ANT27_ERA5_3h.AIS.2km.DD.zarr,77.573748,1038,True
141,ff10m,ff10m.1987_OND.BN_RACMO2.3p2_ANT27_ERA5_3h.AIS.2km.DD.zarr,s3://nasa-cryo-scratch/jkingslake/Daily-2km-zarr/ff10m/ff10m.1987_OND.BN_RACMO2.3p2_ANT27_ERA5_3h.AIS.2km.DD.zarr,903.23896,33,True
142,t2m,t2m.1987_OND.BN_RACMO2.3p2_ANT27_ERA5_3h.AIS.2km.DD.zarr,s3://nasa-cryo-scratch/jkingslake/Daily-2km-zarr/t2m/t2m.1987_OND.BN_RACMO2.3p2_ANT27_ERA5_3h.AIS.2km.DD.zarr,156.655395,18,True
143,precip,precip.1987_OND.BN_RACMO2.3p2_ANT27_ERA5_3h.AIS.2km.DD.zarr,s3://nasa-cryo-scratch/jkingslake/Daily-2km-zarr/precip/precip.1987_OND.BN_RACMO2.3p2_ANT27_ERA5_3h.AIS.2km.DD.zarr,844.774149,33,True
144,snowmelt,snowmelt.1988_JFM.BN_RACMO2.3p2_ANT27_ERA5_3h.AIS.2km.DD.zarr,s3://nasa-cryo-scratch/jkingslake/Daily-2km-zarr/snowmelt/snowmelt.1988_JFM.BN_RACMO2.3p2_ANT27_ERA5_3h.AIS.2km.DD.zarr,87.128126,1038,True
145,t2m,t2m.1988_JFM.BN_RACMO2.3p2_ANT27_ERA5_3h.AIS.2km.DD.zarr,s3://nasa-cryo-scratch/jkingslake/Daily-2km-zarr/t2m/t2m.1988_JFM.BN_RACMO2.3p2_ANT27_ERA5_3h.AIS.2km.DD.zarr,709.139969,33,True
146,ff10m,ff10m.1988_JFM.BN_RACMO2.3p2_ANT27_ERA5_3h.AIS.2km.DD.zarr,s3://nasa-cryo-scratch/jkingslake/Daily-2km-zarr/ff10m/ff10m.1988_JFM.BN_RACMO2.3p2_ANT27_ERA5_3h.AIS.2km.DD.zarr,894.536287,33,True
147,precip,precip.1988_JFM.BN_RACMO2.3p2_ANT27_ERA5_3h.AIS.2km.DD.zarr,s3://nasa-cryo-scratch/jkingslake/Daily-2km-zarr/precip/precip.1988_JFM.BN_RACMO2.3p2_ANT27_ERA5_3h.AIS.2km.DD.zarr,827.926857,32,True
148,snowmelt,snowmelt.1988_AMJ.BN_RACMO2.3p2_ANT27_ERA5_3h.AIS.2km.DD.zarr,s3://nasa-cryo-scratch/jkingslake/Daily-2km-zarr/snowmelt/snowmelt.1988_AMJ.BN_RACMO2.3p2_ANT27_ERA5_3h.AIS.2km.DD.zarr,11.74576,1038,True
149,t2m,t2m.1988_AMJ.BN_RACMO2.3p2_ANT27_ERA5_3h.AIS.2km.DD.zarr,s3://nasa-cryo-scratch/jkingslake/Daily-2km-zarr/t2m/t2m.1988_AMJ.BN_RACMO2.3p2_ANT27_ERA5_3h.AIS.2km.DD.zarr,724.605496,33,True
150,precip,precip.1988_AMJ.BN_RACMO2.3p2_ANT27_ERA5_3h.AIS.2km.DD.zarr,s3://nasa-cryo-scratch/jkingslake/Daily-2km-zarr/precip/precip.1988_AMJ.BN_RACMO2.3p2_ANT27_ERA5_3h.AIS.2km.DD.zarr,902.816081,33,True
151,ff10m,ff10m.1988_AMJ.BN_RACMO2.3p2_ANT27_ERA5_3h.AIS.2km.DD.zarr,s3://nasa-cryo-scratch/jkingslake/Daily-2km-zarr/ff10m/ff10m.1988_AMJ.BN_RACMO2.3p2_ANT27_ERA5_3h.AIS.2km.DD.zarr,893.564244,33,True
152,precip,precip.1988_JAS.BN_RACMO2.3p2_ANT27_ERA5_3h.AIS.2km.DD.zarr,s3://nasa-cryo-scratch/jkingslake/Daily-2km-zarr/precip/precip.1988_JAS.BN_RACMO2.3p2_ANT27_ERA5_3h.AIS.2km.DD.zarr,147.891974,17,True
153,t2m,t2m.1988_JAS.BN_RACMO2.3p2_ANT27_ERA5_3h.AIS.2km.DD.zarr,s3://nasa-cryo-scratch/jkingslake/Daily-2km-zarr/t2m/t2m.1988_JAS.BN_RACMO2.3p2_ANT27_ERA5_3h.AIS.2km.DD.zarr,732.811368,33,True
154,ff10m,ff10m.1988_JAS.BN_RACMO2.3p2_ANT27_ERA5_3h.AIS.2km.DD.zarr,s3://nasa-cryo-scratch/jkingslake/Daily-2km-zarr/ff10m/ff10m.1988_JAS.BN_RACMO2.3p2_ANT27_ERA5_3h.AIS.2km.DD.zarr,902.414547,33,True
155,snowmelt,snowmelt.1988_JAS.BN_RACMO2.3p2_ANT27_ERA5_3h.AIS.2km.DD.zarr,s3://nasa-cryo-scratch/jkingslake/Daily-2km-zarr/snowmelt/snowmelt.1988_JAS.BN_RACMO2.3p2_ANT27_ERA5_3h.AIS.2km.DD.zarr,10.856407,1038,True
156,precip,precip.1988_OND.BN_RACMO2.3p2_ANT27_ERA5_3h.AIS.2km.DD.zarr,s3://nasa-cryo-scratch/jkingslake/Daily-2km-zarr/precip/precip.1988_OND.BN_RACMO2.3p2_ANT27_ERA5_3h.AIS.2km.DD.zarr,856.674711,33,True
157,t2m,t2m.1988_OND.BN_RACMO2.3p2_ANT27_ERA5_3h.AIS.2km.DD.zarr,s3://nasa-cryo-scratch/jkingslake/Daily-2km-zarr/t2m/t2m.1988_OND.BN_RACMO2.3p2_ANT27_ERA5_3h.AIS.2km.DD.zarr,715.455953,33,True
158,ff10m,ff10m.1988_OND.BN_RACMO2.3p2_ANT27_ERA5_3h.AIS.2km.DD.zarr,s3://nasa-cryo-scratch/jkingslake/Daily-2km-zarr/ff10m/ff10m.1988_OND.BN_RACMO2.3p2_ANT27_ERA5_3h.AIS.2km.DD.zarr,904.632169,33,True
159,snowmelt,snowmelt.1988_OND.BN_RACMO2.3p2_ANT27_ERA5_3h.AIS.2km.DD.zarr,s3://nasa-cryo-scratch/jkingslake/Daily-2km-zarr/snowmelt/snowmelt.1988_OND.BN_RACMO2.3p2_ANT27_ERA5_3h.AIS.2km.DD.zarr,71.754294,1038,True
160,ff10m,ff10m.1989_JFM.BN_RACMO2.3p2_ANT27_ERA5_3h.AIS.2km.DD.zarr,s3://nasa-cryo-scratch/jkingslake/Daily-2km-zarr/ff10m/ff10m.1989_JFM.BN_RACMO2.3p2_ANT27_ERA5_3h.AIS.2km.DD.zarr,885.076098,32,True
161,t2m,t2m.1989_JFM.BN_RACMO2.3p2_ANT27_ERA5_3h.AIS.2km.DD.zarr,s3://nasa-cryo-scratch/jkingslake/Daily-2km-zarr/t2m/t2m.1989_JFM.BN_RACMO2.3p2_ANT27_ERA5_3h.AIS.2km.DD.zarr,702.31987,32,True
162,snowmelt,snowmelt.1989_JFM.BN_RACMO2.3p2_ANT27_ERA5_3h.AIS.2km.DD.zarr,s3://nasa-cryo-scratch/jkingslake/Daily-2km-zarr/snowmelt/snowmelt.1989_JFM.BN_RACMO2.3p2_ANT27_ERA5_3h.AIS.2km.DD.zarr,84.461694,974,True
163,precip,precip.1989_JFM.BN_RACMO2.3p2_ANT27_ERA5_3h.AIS.2km.DD.zarr,s3://nasa-cryo-scratch/jkingslake/Daily-2km-zarr/precip/precip.1989_JFM.BN_RACMO2.3p2_ANT27_ERA5_3h.AIS.2km.DD.zarr,859.327951,32,True
164,ff10m,ff10m.1989_AMJ.BN_RACMO2.3p2_ANT27_ERA5_3h.AIS.2km.DD.zarr,s3://nasa-cryo-scratch/jkingslake/Daily-2km-zarr/ff10m/ff10m.1989_AMJ.BN_RACMO2.3p2_ANT27_ERA5_3h.AIS.2km.DD.zarr,895.75476,33,True
165,snowmelt,snowmelt.1989_AMJ.BN_RACMO2.3p2_ANT27_ERA5_3h.AIS.2km.DD.zarr,s3://nasa-cryo-scratch/jkingslake/Daily-2km-zarr/snowmelt/snowmelt.1989_AMJ.BN_RACMO2.3p2_ANT27_ERA5_3h.AIS.2km.DD.zarr,14.415026,1038,True
166,t2m,t2m.1989_AMJ.BN_RACMO2.3p2_ANT27_ERA5_3h.AIS.2km.DD.zarr,s3://nasa-cryo-scratch/jkingslake/Daily-2km-zarr/t2m/t2m.1989_AMJ.BN_RACMO2.3p2_ANT27_ERA5_3h.AIS.2km.DD.zarr,726.093692,33,True
167,precip,precip.1989_AMJ.BN_RACMO2.3p2_ANT27_ERA5_3h.AIS.2km.DD.zarr,s3://nasa-cryo-scratch/jkingslake/Daily-2km-zarr/precip/precip.1989_AMJ.BN_RACMO2.3p2_ANT27_ERA5_3h.AIS.2km.DD.zarr,901.892257,33,True
168,snowmelt,snowmelt.1989_JAS.BN_RACMO2.3p2_ANT27_ERA5_3h.AIS.2km.DD.zarr,s3://nasa-cryo-scratch/jkingslake/Daily-2km-zarr/snowmelt/snowmelt.1989_JAS.BN_RACMO2.3p2_ANT27_ERA5_3h.AIS.2km.DD.zarr,14.90015,1038,True
169,t2m,t2m.1989_JAS.BN_RACMO2.3p2_ANT27_ERA5_3h.AIS.2km.DD.zarr,s3://nasa-cryo-scratch/jkingslake/Daily-2km-zarr/t2m/t2m.1989_JAS.BN_RACMO2.3p2_ANT27_ERA5_3h.AIS.2km.DD.zarr,733.306967,33,True
170,ff10m,ff10m.1989_JAS.BN_RACMO2.3p2_ANT27_ERA5_3h.AIS.2km.DD.zarr,s3://nasa-cryo-scratch/jkingslake/Daily-2km-zarr/ff10m/ff10m.1989_JAS.BN_RACMO2.3p2_ANT27_ERA5_3h.AIS.2km.DD.zarr,901.179088,33,True
171,precip,precip.1989_JAS.BN_RACMO2.3p2_ANT27_ERA5_3h.AIS.2km.DD.zarr,s3://nasa-cryo-scratch/jkingslake/Daily-2km-zarr/precip/precip.1989_JAS.BN_RACMO2.3p2_ANT27_ERA5_3h.AIS.2km.DD.zarr,902.188578,33,True
172,snowmelt,snowmelt.1989_OND.BN_RACMO2.3p2_ANT27_ERA5_3h.AIS.2km.DD.zarr,s3://nasa-cryo-scratch/jkingslake/Daily-2km-zarr/snowmelt/snowmelt.1989_OND.BN_RACMO2.3p2_ANT27_ERA5_3h.AIS.2km.DD.zarr,92.012948,1038,True
173,precip,precip.1989_OND.BN_RACMO2.3p2_ANT27_ERA5_3h.AIS.2km.DD.zarr,s3://nasa-cryo-scratch/jkingslake/Daily-2km-zarr/precip/precip.1989_OND.BN_RACMO2.3p2_ANT27_ERA5_3h.AIS.2km.DD.zarr,840.210344,33,True
174,t2m,t2m.1989_OND.BN_RACMO2.3p2_ANT27_ERA5_3h.AIS.2km.DD.zarr,s3://nasa-cryo-scratch/jkingslake/Daily-2km-zarr/t2m/t2m.1989_OND.BN_RACMO2.3p2_ANT27_ERA5_3h.AIS.2km.DD.zarr,714.461185,33,True
175,ff10m,ff10m.1989_OND.BN_RACMO2.3p2_ANT27_ERA5_3h.AIS.2km.DD.zarr,s3://nasa-cryo-scratch/jkingslake/Daily-2km-zarr/ff10m/ff10m.1989_OND.BN_RACMO2.3p2_ANT27_ERA5_3h.AIS.2km.DD.zarr,897.891108,33,True
176,snowmelt,snowmelt.1990_JFM.BN_RACMO2.3p2_ANT27_ERA5_3h.AIS.2km.DD.zarr,s3://nasa-cryo-scratch/jkingslake/Daily-2km-zarr/snowmelt/snowmelt.1990_JFM.BN_RACMO2.3p2_ANT27_ERA5_3h.AIS.2km.DD.zarr,90.164297,974,True
177,precip,precip.1990_JFM.BN_RACMO2.3p2_ANT27_ERA5_3h.AIS.2km.DD.zarr,s3://nasa-cryo-scratch/jkingslake/Daily-2km-zarr/precip/precip.1990_JFM.BN_RACMO2.3p2_ANT27_ERA5_3h.AIS.2km.DD.zarr,856.112112,32,True
178,t2m,t2m.1990_JFM.BN_RACMO2.3p2_ANT27_ERA5_3h.AIS.2km.DD.zarr,s3://nasa-cryo-scratch/jkingslake/Daily-2km-zarr/t2m/t2m.1990_JFM.BN_RACMO2.3p2_ANT27_ERA5_3h.AIS.2km.DD.zarr,701.910948,32,True
179,ff10m,ff10m.1990_JFM.BN_RACMO2.3p2_ANT27_ERA5_3h.AIS.2km.DD.zarr,s3://nasa-cryo-scratch/jkingslake/Daily-2km-zarr/ff10m/ff10m.1990_JFM.BN_RACMO2.3p2_ANT27_ERA5_3h.AIS.2km.DD.zarr,885.139287,32,True
180,precip,precip.1990_AMJ.BN_RACMO2.3p2_ANT27_ERA5_3h.AIS.2km.DD.zarr,s3://nasa-cryo-scratch/jkingslake/Daily-2km-zarr/precip/precip.1990_AMJ.BN_RACMO2.3p2_ANT27_ERA5_3h.AIS.2km.DD.zarr,900.090814,33,True
181,t2m,t2m.1990_AMJ.BN_RACMO2.3p2_ANT27_ERA5_3h.AIS.2km.DD.zarr,s3://nasa-cryo-scratch/jkingslake/Daily-2km-zarr/t2m/t2m.1990_AMJ.BN_RACMO2.3p2_ANT27_ERA5_3h.AIS.2km.DD.zarr,724.66874,33,True
182,snowmelt,snowmelt.1990_AMJ.BN_RACMO2.3p2_ANT27_ERA5_3h.AIS.2km.DD.zarr,s3://nasa-cryo-scratch/jkingslake/Daily-2km-zarr/snowmelt/snowmelt.1990_AMJ.BN_RACMO2.3p2_ANT27_ERA5_3h.AIS.2km.DD.zarr,10.486153,1038,True
183,ff10m,ff10m.1990_AMJ.BN_RACMO2.3p2_ANT27_ERA5_3h.AIS.2km.DD.zarr,s3://nasa-cryo-scratch/jkingslake/Daily-2km-zarr/ff10m/ff10m.1990_AMJ.BN_RACMO2.3p2_ANT27_ERA5_3h.AIS.2km.DD.zarr,893.304822,33,True
184,ff10m,ff10m.1990_JAS.BN_RACMO2.3p2_ANT27_ERA5_3h.AIS.2km.DD.zarr,s3://nasa-cryo-scratch/jkingslake/Daily-2km-zarr/ff10m/ff10m.1990_JAS.BN_RACMO2.3p2_ANT27_ERA5_3h.AIS.2km.DD.zarr,902.879537,33,True
185,t2m,t2m.1990_JAS.BN_RACMO2.3p2_ANT27_ERA5_3h.AIS.2km.DD.zarr,s3://nasa-cryo-scratch/jkingslake/Daily-2km-zarr/t2m/t2m.1990_JAS.BN_RACMO2.3p2_ANT27_ERA5_3h.AIS.2km.DD.zarr,733.697885,33,True
186,precip,precip.1990_JAS.BN_RACMO2.3p2_ANT27_ERA5_3h.AIS.2km.DD.zarr,s3://nasa-cryo-scratch/jkingslake/Daily-2km-zarr/precip/precip.1990_JAS.BN_RACMO2.3p2_ANT27_ERA5_3h.AIS.2km.DD.zarr,907.429563,33,True
187,snowmelt,snowmelt.1990_JAS.BN_RACMO2.3p2_ANT27_ERA5_3h.AIS.2km.DD.zarr,s3://nasa-cryo-scratch/jkingslake/Daily-2km-zarr/snowmelt/snowmelt.1990_JAS.BN_RACMO2.3p2_ANT27_ERA5_3h.AIS.2km.DD.zarr,15.22291,1038,True
188,t2m,t2m.1990_OND.BN_RACMO2.3p2_ANT27_ERA5_3h.AIS.2km.DD.zarr,s3://nasa-cryo-scratch/jkingslake/Daily-2km-zarr/t2m/t2m.1990_OND.BN_RACMO2.3p2_ANT27_ERA5_3h.AIS.2km.DD.zarr,715.775048,33,True
189,ff10m,ff10m.1990_OND.BN_RACMO2.3p2_ANT27_ERA5_3h.AIS.2km.DD.zarr,s3://nasa-cryo-scratch/jkingslake/Daily-2km-zarr/ff10m/ff10m.1990_OND.BN_RACMO2.3p2_ANT27_ERA5_3h.AIS.2km.DD.zarr,702.902259,29,True
190,precip,precip.1990_OND.BN_RACMO2.3p2_ANT27_ERA5_3h.AIS.2km.DD.zarr,s3://nasa-cryo-scratch/jkingslake/Daily-2km-zarr/precip/precip.1990_OND.BN_RACMO2.3p2_ANT27_ERA5_3h.AIS.2km.DD.zarr,850.230017,33,True
191,snowmelt,snowmelt.1990_OND.BN_RACMO2.3p2_ANT27_ERA5_3h.AIS.2km.DD.zarr,s3://nasa-cryo-scratch/jkingslake/Daily-2km-zarr/snowmelt/snowmelt.1990_OND.BN_RACMO2.3p2_ANT27_ERA5_3h.AIS.2km.DD.zarr,69.655633,1038,True
192,snowmelt,snowmelt.1991_JFM.BN_RACMO2.3p2_ANT27_ERA5_3h.AIS.2km.DD.zarr,s3://nasa-cryo-scratch/jkingslake/Daily-2km-zarr/snowmelt/snowmelt.1991_JFM.BN_RACMO2.3p2_ANT27_ERA5_3h.AIS.2km.DD.zarr,99.386865,974,True
193,ff10m,ff10m.1991_JFM.BN_RACMO2.3p2_ANT27_ERA5_3h.AIS.2km.DD.zarr,s3://nasa-cryo-scratch/jkingslake/Daily-2km-zarr/ff10m/ff10m.1991_JFM.BN_RACMO2.3p2_ANT27_ERA5_3h.AIS.2km.DD.zarr,883.373723,32,True
194,t2m,t2m.1991_JFM.BN_RACMO2.3p2_ANT27_ERA5_3h.AIS.2km.DD.zarr,s3://nasa-cryo-scratch/jkingslake/Daily-2km-zarr/t2m/t2m.1991_JFM.BN_RACMO2.3p2_ANT27_ERA5_3h.AIS.2km.DD.zarr,699.85796,32,True
195,precip,precip.1991_JFM.BN_RACMO2.3p2_ANT27_ERA5_3h.AIS.2km.DD.zarr,s3://nasa-cryo-scratch/jkingslake/Daily-2km-zarr/precip/precip.1991_JFM.BN_RACMO2.3p2_ANT27_ERA5_3h.AIS.2km.DD.zarr,852.68426,32,True
196,t2m,t2m.1991_AMJ.BN_RACMO2.3p2_ANT27_ERA5_3h.AIS.2km.DD.zarr,s3://nasa-cryo-scratch/jkingslake/Daily-2km-zarr/t2m/t2m.1991_AMJ.BN_RACMO2.3p2_ANT27_ERA5_3h.AIS.2km.DD.zarr,723.688983,33,True
197,ff10m,ff10m.1991_AMJ.BN_RACMO2.3p2_ANT27_ERA5_3h.AIS.2km.DD.zarr,s3://nasa-cryo-scratch/jkingslake/Daily-2km-zarr/ff10m/ff10m.1991_AMJ.BN_RACMO2.3p2_ANT27_ERA5_3h.AIS.2km.DD.zarr,893.226496,33,True
198,precip,precip.1991_AMJ.BN_RACMO2.3p2_ANT27_ERA5_3h.AIS.2km.DD.zarr,s3://nasa-cryo-scratch/jkingslake/Daily-2km-zarr/precip/precip.1991_AMJ.BN_RACMO2.3p2_ANT27_ERA5_3h.AIS.2km.DD.zarr,906.848567,33,True
199,snowmelt,snowmelt.1991_AMJ.BN_RACMO2.3p2_ANT27_ERA5_3h.AIS.2km.DD.zarr,s3://nasa-cryo-scratch/jkingslake/Daily-2km-zarr/snowmelt/snowmelt.1991_AMJ.BN_RACMO2.3p2_ANT27_ERA5_3h.AIS.2km.DD.zarr,17.899437,1038,True
200,t2m,t2m.1991_JAS.BN_RACMO2.3p2_ANT27_ERA5_3h.AIS.2km.DD.zarr,s3://nasa-cryo-scratch/jkingslake/Daily-2km-zarr/t2m/t2m.1991_JAS.BN_RACMO2.3p2_ANT27_ERA5_3h.AIS.2km.DD.zarr,732.328217,33,True
201,ff10m,ff10m.1991_JAS.BN_RACMO2.3p2_ANT27_ERA5_3h.AIS.2km.DD.zarr,s3://nasa-cryo-scratch/jkingslake/Daily-2km-zarr/ff10m/ff10m.1991_JAS.BN_RACMO2.3p2_ANT27_ERA5_3h.AIS.2km.DD.zarr,899.926096,33,True
202,precip,precip.1991_JAS.BN_RACMO2.3p2_ANT27_ERA5_3h.AIS.2km.DD.zarr,s3://nasa-cryo-scratch/jkingslake/Daily-2km-zarr/precip/precip.1991_JAS.BN_RACMO2.3p2_ANT27_ERA5_3h.AIS.2km.DD.zarr,897.467764,33,True
203,snowmelt,snowmelt.1991_JAS.BN_RACMO2.3p2_ANT27_ERA5_3h.AIS.2km.DD.zarr,s3://nasa-cryo-scratch/jkingslake/Daily-2km-zarr/snowmelt/snowmelt.1991_JAS.BN_RACMO2.3p2_ANT27_ERA5_3h.AIS.2km.DD.zarr,17.206475,1038,True
204,t2m,t2m.1991_OND.BN_RACMO2.3p2_ANT27_ERA5_3h.AIS.2km.DD.zarr,s3://nasa-cryo-scratch/jkingslake/Daily-2km-zarr/t2m/t2m.1991_OND.BN_RACMO2.3p2_ANT27_ERA5_3h.AIS.2km.DD.zarr,715.849932,33,True
205,precip,precip.1991_OND.BN_RACMO2.3p2_ANT27_ERA5_3h.AIS.2km.DD.zarr,s3://nasa-cryo-scratch/jkingslake/Daily-2km-zarr/precip/precip.1991_OND.BN_RACMO2.3p2_ANT27_ERA5_3h.AIS.2km.DD.zarr,833.402115,33,True
206,ff10m,ff10m.1991_OND.BN_RACMO2.3p2_ANT27_ERA5_3h.AIS.2km.DD.zarr,s3://nasa-cryo-scratch/jkingslake/Daily-2km-zarr/ff10m/ff10m.1991_OND.BN_RACMO2.3p2_ANT27_ERA5_3h.AIS.2km.DD.zarr,510.194303,25,True
207,snowmelt,snowmelt.1991_OND.BN_RACMO2.3p2_ANT27_ERA5_3h.AIS.2km.DD.zarr,s3://nasa-cryo-scratch/jkingslake/Daily-2km-zarr/snowmelt/snowmelt.1991_OND.BN_RACMO2.3p2_ANT27_ERA5_3h.AIS.2km.DD.zarr,89.753653,1038,True
208,precip,precip.1992_JFM.BN_RACMO2.3p2_ANT27_ERA5_3h.AIS.2km.DD.zarr,s3://nasa-cryo-scratch/jkingslake/Daily-2km-zarr/precip/precip.1992_JFM.BN_RACMO2.3p2_ANT27_ERA5_3h.AIS.2km.DD.zarr,861.503237,33,True
209,ff10m,ff10m.1992_JFM.BN_RACMO2.3p2_ANT27_ERA5_3h.AIS.2km.DD.zarr,s3://nasa-cryo-scratch/jkingslake/Daily-2km-zarr/ff10m/ff10m.1992_JFM.BN_RACMO2.3p2_ANT27_ERA5_3h.AIS.2km.DD.zarr,896.020283,33,True
210,t2m,t2m.1992_JFM.BN_RACMO2.3p2_ANT27_ERA5_3h.AIS.2km.DD.zarr,s3://nasa-cryo-scratch/jkingslake/Daily-2km-zarr/t2m/t2m.1992_JFM.BN_RACMO2.3p2_ANT27_ERA5_3h.AIS.2km.DD.zarr,708.444731,33,True
211,snowmelt,snowmelt.1992_JFM.BN_RACMO2.3p2_ANT27_ERA5_3h.AIS.2km.DD.zarr,s3://nasa-cryo-scratch/jkingslake/Daily-2km-zarr/snowmelt/snowmelt.1992_JFM.BN_RACMO2.3p2_ANT27_ERA5_3h.AIS.2km.DD.zarr,88.610328,1038,True
212,precip,precip.1992_AMJ.BN_RACMO2.3p2_ANT27_ERA5_3h.AIS.2km.DD.zarr,s3://nasa-cryo-scratch/jkingslake/Daily-2km-zarr/precip/precip.1992_AMJ.BN_RACMO2.3p2_ANT27_ERA5_3h.AIS.2km.DD.zarr,892.61227,33,True
213,t2m,t2m.1992_AMJ.BN_RACMO2.3p2_ANT27_ERA5_3h.AIS.2km.DD.zarr,s3://nasa-cryo-scratch/jkingslake/Daily-2km-zarr/t2m/t2m.1992_AMJ.BN_RACMO2.3p2_ANT27_ERA5_3h.AIS.2km.DD.zarr,724.048989,33,True
214,snowmelt,snowmelt.1992_AMJ.BN_RACMO2.3p2_ANT27_ERA5_3h.AIS.2km.DD.zarr,s3://nasa-cryo-scratch/jkingslake/Daily-2km-zarr/snowmelt/snowmelt.1992_AMJ.BN_RACMO2.3p2_ANT27_ERA5_3h.AIS.2km.DD.zarr,12.595726,1038,True
215,ff10m,ff10m.1992_AMJ.BN_RACMO2.3p2_ANT27_ERA5_3h.AIS.2km.DD.zarr,s3://nasa-cryo-scratch/jkingslake/Daily-2km-zarr/ff10m/ff10m.1992_AMJ.BN_RACMO2.3p2_ANT27_ERA5_3h.AIS.2km.DD.zarr,745.304001,30,True
216,ff10m,ff10m.1992_JAS.BN_RACMO2.3p2_ANT27_ERA5_3h.AIS.2km.DD.zarr,s3://nasa-cryo-scratch/jkingslake/Daily-2km-zarr/ff10m/ff10m.1992_JAS.BN_RACMO2.3p2_ANT27_ERA5_3h.AIS.2km.DD.zarr,902.820976,33,True
217,precip,precip.1992_JAS.BN_RACMO2.3p2_ANT27_ERA5_3h.AIS.2km.DD.zarr,s3://nasa-cryo-scratch/jkingslake/Daily-2km-zarr/precip/precip.1992_JAS.BN_RACMO2.3p2_ANT27_ERA5_3h.AIS.2km.DD.zarr,900.771272,33,True
218,snowmelt,snowmelt.1992_JAS.BN_RACMO2.3p2_ANT27_ERA5_3h.AIS.2km.DD.zarr,s3://nasa-cryo-scratch/jkingslake/Daily-2km-zarr/snowmelt/snowmelt.1992_JAS.BN_RACMO2.3p2_ANT27_ERA5_3h.AIS.2km.DD.zarr,10.19058,1038,True
219,t2m,t2m.1992_JAS.BN_RACMO2.3p2_ANT27_ERA5_3h.AIS.2km.DD.zarr,s3://nasa-cryo-scratch/jkingslake/Daily-2km-zarr/t2m/t2m.1992_JAS.BN_RACMO2.3p2_ANT27_ERA5_3h.AIS.2km.DD.zarr,733.962294,33,True
220,precip,precip.1992_OND.BN_RACMO2.3p2_ANT27_ERA5_3h.AIS.2km.DD.zarr,s3://nasa-cryo-scratch/jkingslake/Daily-2km-zarr/precip/precip.1992_OND.BN_RACMO2.3p2_ANT27_ERA5_3h.AIS.2km.DD.zarr,856.760662,33,True
221,t2m,t2m.1992_OND.BN_RACMO2.3p2_ANT27_ERA5_3h.AIS.2km.DD.zarr,s3://nasa-cryo-scratch/jkingslake/Daily-2km-zarr/t2m/t2m.1992_OND.BN_RACMO2.3p2_ANT27_ERA5_3h.AIS.2km.DD.zarr,274.406364,21,True
222,ff10m,ff10m.1992_OND.BN_RACMO2.3p2_ANT27_ERA5_3h.AIS.2km.DD.zarr,s3://nasa-cryo-scratch/jkingslake/Daily-2km-zarr/ff10m/ff10m.1992_OND.BN_RACMO2.3p2_ANT27_ERA5_3h.AIS.2km.DD.zarr,461.639106,24,True
223,snowmelt,snowmelt.1992_OND.BN_RACMO2.3p2_ANT27_ERA5_3h.AIS.2km.DD.zarr,s3://nasa-cryo-scratch/jkingslake/Daily-2km-zarr/snowmelt/snowmelt.1992_OND.BN_RACMO2.3p2_ANT27_ERA5_3h.AIS.2km.DD.zarr,78.801638,1038,True
224,precip,precip.1993_JFM.BN_RACMO2.3p2_ANT27_ERA5_3h.AIS.2km.DD.zarr,s3://nasa-cryo-scratch/jkingslake/Daily-2km-zarr/precip/precip.1993_JFM.BN_RACMO2.3p2_ANT27_ERA5_3h.AIS.2km.DD.zarr,846.491517,32,True
225,snowmelt,snowmelt.1993_JFM.BN_RACMO2.3p2_ANT27_ERA5_3h.AIS.2km.DD.zarr,s3://nasa-cryo-scratch/jkingslake/Daily-2km-zarr/snowmelt/snowmelt.1993_JFM.BN_RACMO2.3p2_ANT27_ERA5_3h.AIS.2km.DD.zarr,99.461711,974,True
226,t2m,t2m.1993_JFM.BN_RACMO2.3p2_ANT27_ERA5_3h.AIS.2km.DD.zarr,s3://nasa-cryo-scratch/jkingslake/Daily-2km-zarr/t2m/t2m.1993_JFM.BN_RACMO2.3p2_ANT27_ERA5_3h.AIS.2km.DD.zarr,700.766719,32,True
227,ff10m,ff10m.1993_JFM.BN_RACMO2.3p2_ANT27_ERA5_3h.AIS.2km.DD.zarr,s3://nasa-cryo-scratch/jkingslake/Daily-2km-zarr/ff10m/ff10m.1993_JFM.BN_RACMO2.3p2_ANT27_ERA5_3h.AIS.2km.DD.zarr,883.462632,32,True
228,snowmelt,snowmelt.1993_AMJ.BN_RACMO2.3p2_ANT27_ERA5_3h.AIS.2km.DD.zarr,s3://nasa-cryo-scratch/jkingslake/Daily-2km-zarr/snowmelt/snowmelt.1993_AMJ.BN_RACMO2.3p2_ANT27_ERA5_3h.AIS.2km.DD.zarr,11.351032,1038,True
229,t2m,t2m.1993_AMJ.BN_RACMO2.3p2_ANT27_ERA5_3h.AIS.2km.DD.zarr,s3://nasa-cryo-scratch/jkingslake/Daily-2km-zarr/t2m/t2m.1993_AMJ.BN_RACMO2.3p2_ANT27_ERA5_3h.AIS.2km.DD.zarr,725.095043,33,True
230,ff10m,ff10m.1993_AMJ.BN_RACMO2.3p2_ANT27_ERA5_3h.AIS.2km.DD.zarr,s3://nasa-cryo-scratch/jkingslake/Daily-2km-zarr/ff10m/ff10m.1993_AMJ.BN_RACMO2.3p2_ANT27_ERA5_3h.AIS.2km.DD.zarr,844.954685,32,True
231,precip,precip.1993_AMJ.BN_RACMO2.3p2_ANT27_ERA5_3h.AIS.2km.DD.zarr,s3://nasa-cryo-scratch/jkingslake/Daily-2km-zarr/precip/precip.1993_AMJ.BN_RACMO2.3p2_ANT27_ERA5_3h.AIS.2km.DD.zarr,898.949739,33,True
232,t2m,t2m.1993_JAS.BN_RACMO2.3p2_ANT27_ERA5_3h.AIS.2km.DD.zarr,s3://nasa-cryo-scratch/jkingslake/Daily-2km-zarr/t2m/t2m.1993_JAS.BN_RACMO2.3p2_ANT27_ERA5_3h.AIS.2km.DD.zarr,734.32009,33,True
233,ff10m,ff10m.1993_JAS.BN_RACMO2.3p2_ANT27_ERA5_3h.AIS.2km.DD.zarr,s3://nasa-cryo-scratch/jkingslake/Daily-2km-zarr/ff10m/ff10m.1993_JAS.BN_RACMO2.3p2_ANT27_ERA5_3h.AIS.2km.DD.zarr,905.080059,33,True
234,precip,precip.1993_JAS.BN_RACMO2.3p2_ANT27_ERA5_3h.AIS.2km.DD.zarr,s3://nasa-cryo-scratch/jkingslake/Daily-2km-zarr/precip/precip.1993_JAS.BN_RACMO2.3p2_ANT27_ERA5_3h.AIS.2km.DD.zarr,902.082718,33,True
235,snowmelt,snowmelt.1993_JAS.BN_RACMO2.3p2_ANT27_ERA5_3h.AIS.2km.DD.zarr,s3://nasa-cryo-scratch/jkingslake/Daily-2km-zarr/snowmelt/snowmelt.1993_JAS.BN_RACMO2.3p2_ANT27_ERA5_3h.AIS.2km.DD.zarr,10.236327,1038,True
236,snowmelt,snowmelt.1993_OND.BN_RACMO2.3p2_ANT27_ERA5_3h.AIS.2km.DD.zarr,s3://nasa-cryo-scratch/jkingslake/Daily-2km-zarr/snowmelt/snowmelt.1993_OND.BN_RACMO2.3p2_ANT27_ERA5_3h.AIS.2km.DD.zarr,63.834843,1038,True
237,t2m,t2m.1993_OND.BN_RACMO2.3p2_ANT27_ERA5_3h.AIS.2km.DD.zarr,s3://nasa-cryo-scratch/jkingslake/Daily-2km-zarr/t2m/t2m.1993_OND.BN_RACMO2.3p2_ANT27_ERA5_3h.AIS.2km.DD.zarr,716.0839,33,True
238,precip,precip.1993_OND.BN_RACMO2.3p2_ANT27_ERA5_3h.AIS.2km.DD.zarr,s3://nasa-cryo-scratch/jkingslake/Daily-2km-zarr/precip/precip.1993_OND.BN_RACMO2.3p2_ANT27_ERA5_3h.AIS.2km.DD.zarr,873.325812,33,True
239,ff10m,ff10m.1993_OND.BN_RACMO2.3p2_ANT27_ERA5_3h.AIS.2km.DD.zarr,s3://nasa-cryo-scratch/jkingslake/Daily-2km-zarr/ff10m/ff10m.1993_OND.BN_RACMO2.3p2_ANT27_ERA5_3h.AIS.2km.DD.zarr,901.336778,33,True
240,t2m,t2m.1994_JFM.BN_RACMO2.3p2_ANT27_ERA5_3h.AIS.2km.DD.zarr,s3://nasa-cryo-scratch/jkingslake/Daily-2km-zarr/t2m/t2m.1994_JFM.BN_RACMO2.3p2_ANT27_ERA5_3h.AIS.2km.DD.zarr,702.175019,32,True
241,precip,precip.1994_JFM.BN_RACMO2.3p2_ANT27_ERA5_3h.AIS.2km.DD.zarr,s3://nasa-cryo-scratch/jkingslake/Daily-2km-zarr/precip/precip.1994_JFM.BN_RACMO2.3p2_ANT27_ERA5_3h.AIS.2km.DD.zarr,514.645559,25,True
242,ff10m,ff10m.1994_JFM.BN_RACMO2.3p2_ANT27_ERA5_3h.AIS.2km.DD.zarr,s3://nasa-cryo-scratch/jkingslake/Daily-2km-zarr/ff10m/ff10m.1994_JFM.BN_RACMO2.3p2_ANT27_ERA5_3h.AIS.2km.DD.zarr,884.749188,32,True
243,snowmelt,snowmelt.1994_JFM.BN_RACMO2.3p2_ANT27_ERA5_3h.AIS.2km.DD.zarr,s3://nasa-cryo-scratch/jkingslake/Daily-2km-zarr/snowmelt/snowmelt.1994_JFM.BN_RACMO2.3p2_ANT27_ERA5_3h.AIS.2km.DD.zarr,73.574304,974,True
244,ff10m,ff10m.1994_AMJ.BN_RACMO2.3p2_ANT27_ERA5_3h.AIS.2km.DD.zarr,s3://nasa-cryo-scratch/jkingslake/Daily-2km-zarr/ff10m/ff10m.1994_AMJ.BN_RACMO2.3p2_ANT27_ERA5_3h.AIS.2km.DD.zarr,893.187412,33,True
245,t2m,t2m.1994_AMJ.BN_RACMO2.3p2_ANT27_ERA5_3h.AIS.2km.DD.zarr,s3://nasa-cryo-scratch/jkingslake/Daily-2km-zarr/t2m/t2m.1994_AMJ.BN_RACMO2.3p2_ANT27_ERA5_3h.AIS.2km.DD.zarr,724.707278,33,True
246,snowmelt,snowmelt.1994_AMJ.BN_RACMO2.3p2_ANT27_ERA5_3h.AIS.2km.DD.zarr,s3://nasa-cryo-scratch/jkingslake/Daily-2km-zarr/snowmelt/snowmelt.1994_AMJ.BN_RACMO2.3p2_ANT27_ERA5_3h.AIS.2km.DD.zarr,16.223523,1038,True
247,precip,precip.1994_AMJ.BN_RACMO2.3p2_ANT27_ERA5_3h.AIS.2km.DD.zarr,s3://nasa-cryo-scratch/jkingslake/Daily-2km-zarr/precip/precip.1994_AMJ.BN_RACMO2.3p2_ANT27_ERA5_3h.AIS.2km.DD.zarr,896.190467,33,True
248,t2m,t2m.1994_JAS.BN_RACMO2.3p2_ANT27_ERA5_3h.AIS.2km.DD.zarr,s3://nasa-cryo-scratch/jkingslake/Daily-2km-zarr/t2m/t2m.1994_JAS.BN_RACMO2.3p2_ANT27_ERA5_3h.AIS.2km.DD.zarr,734.061428,33,True
249,precip,precip.1994_JAS.BN_RACMO2.3p2_ANT27_ERA5_3h.AIS.2km.DD.zarr,s3://nasa-cryo-scratch/jkingslake/Daily-2km-zarr/precip/precip.1994_JAS.BN_RACMO2.3p2_ANT27_ERA5_3h.AIS.2km.DD.zarr,903.498375,33,True
250,snowmelt,snowmelt.1994_JAS.BN_RACMO2.3p2_ANT27_ERA5_3h.AIS.2km.DD.zarr,s3://nasa-cryo-scratch/jkingslake/Daily-2km-zarr/snowmelt/snowmelt.1994_JAS.BN_RACMO2.3p2_ANT27_ERA5_3h.AIS.2km.DD.zarr,13.573913,1038,True
251,ff10m,ff10m.1994_JAS.BN_RACMO2.3p2_ANT27_ERA5_3h.AIS.2km.DD.zarr,s3://nasa-cryo-scratch/jkingslake/Daily-2km-zarr/ff10m/ff10m.1994_JAS.BN_RACMO2.3p2_ANT27_ERA5_3h.AIS.2km.DD.zarr,902.111326,33,True
252,t2m,t2m.1994_OND.BN_RACMO2.3p2_ANT27_ERA5_3h.AIS.2km.DD.zarr,s3://nasa-cryo-scratch/jkingslake/Daily-2km-zarr/t2m/t2m.1994_OND.BN_RACMO2.3p2_ANT27_ERA5_3h.AIS.2km.DD.zarr,716.228246,33,True
253,snowmelt,snowmelt.1994_OND.BN_RACMO2.3p2_ANT27_ERA5_3h.AIS.2km.DD.zarr,s3://nasa-cryo-scratch/jkingslake/Daily-2km-zarr/snowmelt/snowmelt.1994_OND.BN_RACMO2.3p2_ANT27_ERA5_3h.AIS.2km.DD.zarr,79.453917,1038,True
254,ff10m,ff10m.1994_OND.BN_RACMO2.3p2_ANT27_ERA5_3h.AIS.2km.DD.zarr,s3://nasa-cryo-scratch/jkingslake/Daily-2km-zarr/ff10m/ff10m.1994_OND.BN_RACMO2.3p2_ANT27_ERA5_3h.AIS.2km.DD.zarr,902.115285,33,True
255,precip,precip.1994_OND.BN_RACMO2.3p2_ANT27_ERA5_3h.AIS.2km.DD.zarr,s3://nasa-cryo-scratch/jkingslake/Daily-2km-zarr/precip/precip.1994_OND.BN_RACMO2.3p2_ANT27_ERA5_3h.AIS.2km.DD.zarr,872.664521,33,True
256,snowmelt,snowmelt.1995_JFM.BN_RACMO2.3p2_ANT27_ERA5_3h.AIS.2km.DD.zarr,s3://nasa-cryo-scratch/jkingslake/Daily-2km-zarr/snowmelt/snowmelt.1995_JFM.BN_RACMO2.3p2_ANT27_ERA5_3h.AIS.2km.DD.zarr,81.498393,974,True
257,ff10m,ff10m.1995_JFM.BN_RACMO2.3p2_ANT27_ERA5_3h.AIS.2km.DD.zarr,s3://nasa-cryo-scratch/jkingslake/Daily-2km-zarr/ff10m/ff10m.1995_JFM.BN_RACMO2.3p2_ANT27_ERA5_3h.AIS.2km.DD.zarr,885.781973,32,True
258,t2m,t2m.1995_JFM.BN_RACMO2.3p2_ANT27_ERA5_3h.AIS.2km.DD.zarr,s3://nasa-cryo-scratch/jkingslake/Daily-2km-zarr/t2m/t2m.1995_JFM.BN_RACMO2.3p2_ANT27_ERA5_3h.AIS.2km.DD.zarr,701.787817,32,True
259,precip,precip.1995_JFM.BN_RACMO2.3p2_ANT27_ERA5_3h.AIS.2km.DD.zarr,s3://nasa-cryo-scratch/jkingslake/Daily-2km-zarr/precip/precip.1995_JFM.BN_RACMO2.3p2_ANT27_ERA5_3h.AIS.2km.DD.zarr,858.71843,32,True
260,precip,precip.1995_AMJ.BN_RACMO2.3p2_ANT27_ERA5_3h.AIS.2km.DD.zarr,s3://nasa-cryo-scratch/jkingslake/Daily-2km-zarr/precip/precip.1995_AMJ.BN_RACMO2.3p2_ANT27_ERA5_3h.AIS.2km.DD.zarr,910.21698,33,True
261,ff10m,ff10m.1995_AMJ.BN_RACMO2.3p2_ANT27_ERA5_3h.AIS.2km.DD.zarr,s3://nasa-cryo-scratch/jkingslake/Daily-2km-zarr/ff10m/ff10m.1995_AMJ.BN_RACMO2.3p2_ANT27_ERA5_3h.AIS.2km.DD.zarr,894.154295,33,True
262,t2m,t2m.1995_AMJ.BN_RACMO2.3p2_ANT27_ERA5_3h.AIS.2km.DD.zarr,s3://nasa-cryo-scratch/jkingslake/Daily-2km-zarr/t2m/t2m.1995_AMJ.BN_RACMO2.3p2_ANT27_ERA5_3h.AIS.2km.DD.zarr,724.273901,33,True
263,snowmelt,snowmelt.1995_AMJ.BN_RACMO2.3p2_ANT27_ERA5_3h.AIS.2km.DD.zarr,s3://nasa-cryo-scratch/jkingslake/Daily-2km-zarr/snowmelt/snowmelt.1995_AMJ.BN_RACMO2.3p2_ANT27_ERA5_3h.AIS.2km.DD.zarr,10.520373,1038,True
264,precip,precip.1995_JAS.BN_RACMO2.3p2_ANT27_ERA5_3h.AIS.2km.DD.zarr,s3://nasa-cryo-scratch/jkingslake/Daily-2km-zarr/precip/precip.1995_JAS.BN_RACMO2.3p2_ANT27_ERA5_3h.AIS.2km.DD.zarr,904.056224,33,True
265,snowmelt,snowmelt.1995_JAS.BN_RACMO2.3p2_ANT27_ERA5_3h.AIS.2km.DD.zarr,s3://nasa-cryo-scratch/jkingslake/Daily-2km-zarr/snowmelt/snowmelt.1995_JAS.BN_RACMO2.3p2_ANT27_ERA5_3h.AIS.2km.DD.zarr,13.735713,1038,True
266,ff10m,ff10m.1995_JAS.BN_RACMO2.3p2_ANT27_ERA5_3h.AIS.2km.DD.zarr,s3://nasa-cryo-scratch/jkingslake/Daily-2km-zarr/ff10m/ff10m.1995_JAS.BN_RACMO2.3p2_ANT27_ERA5_3h.AIS.2km.DD.zarr,901.358752,33,True
267,t2m,t2m.1995_JAS.BN_RACMO2.3p2_ANT27_ERA5_3h.AIS.2km.DD.zarr,s3://nasa-cryo-scratch/jkingslake/Daily-2km-zarr/t2m/t2m.1995_JAS.BN_RACMO2.3p2_ANT27_ERA5_3h.AIS.2km.DD.zarr,733.193429,33,True
268,t2m,t2m.1995_OND.BN_RACMO2.3p2_ANT27_ERA5_3h.AIS.2km.DD.zarr,s3://nasa-cryo-scratch/jkingslake/Daily-2km-zarr/t2m/t2m.1995_OND.BN_RACMO2.3p2_ANT27_ERA5_3h.AIS.2km.DD.zarr,716.842922,33,True
269,ff10m,ff10m.1995_OND.BN_RACMO2.3p2_ANT27_ERA5_3h.AIS.2km.DD.zarr,s3://nasa-cryo-scratch/jkingslake/Daily-2km-zarr/ff10m/ff10m.1995_OND.BN_RACMO2.3p2_ANT27_ERA5_3h.AIS.2km.DD.zarr,897.162076,33,True
270,precip,precip.1995_OND.BN_RACMO2.3p2_ANT27_ERA5_3h.AIS.2km.DD.zarr,s3://nasa-cryo-scratch/jkingslake/Daily-2km-zarr/precip/precip.1995_OND.BN_RACMO2.3p2_ANT27_ERA5_3h.AIS.2km.DD.zarr,842.518189,33,True
271,snowmelt,snowmelt.1995_OND.BN_RACMO2.3p2_ANT27_ERA5_3h.AIS.2km.DD.zarr,s3://nasa-cryo-scratch/jkingslake/Daily-2km-zarr/snowmelt/snowmelt.1995_OND.BN_RACMO2.3p2_ANT27_ERA5_3h.AIS.2km.DD.zarr,74.923417,1038,True
272,ff10m,ff10m.1996_JFM.BN_RACMO2.3p2_ANT27_ERA5_3h.AIS.2km.DD.zarr,s3://nasa-cryo-scratch/jkingslake/Daily-2km-zarr/ff10m/ff10m.1996_JFM.BN_RACMO2.3p2_ANT27_ERA5_3h.AIS.2km.DD.zarr,491.307576,24,True
273,t2m,t2m.1996_JFM.BN_RACMO2.3p2_ANT27_ERA5_3h.AIS.2km.DD.zarr,s3://nasa-cryo-scratch/jkingslake/Daily-2km-zarr/t2m/t2m.1996_JFM.BN_RACMO2.3p2_ANT27_ERA5_3h.AIS.2km.DD.zarr,709.870663,33,True
274,snowmelt,snowmelt.1996_JFM.BN_RACMO2.3p2_ANT27_ERA5_3h.AIS.2km.DD.zarr,s3://nasa-cryo-scratch/jkingslake/Daily-2km-zarr/snowmelt/snowmelt.1996_JFM.BN_RACMO2.3p2_ANT27_ERA5_3h.AIS.2km.DD.zarr,77.797568,1038,True
275,precip,precip.1996_JFM.BN_RACMO2.3p2_ANT27_ERA5_3h.AIS.2km.DD.zarr,s3://nasa-cryo-scratch/jkingslake/Daily-2km-zarr/precip/precip.1996_JFM.BN_RACMO2.3p2_ANT27_ERA5_3h.AIS.2km.DD.zarr,877.917494,33,True
276,ff10m,ff10m.1996_AMJ.BN_RACMO2.3p2_ANT27_ERA5_3h.AIS.2km.DD.zarr,s3://nasa-cryo-scratch/jkingslake/Daily-2km-zarr/ff10m/ff10m.1996_AMJ.BN_RACMO2.3p2_ANT27_ERA5_3h.AIS.2km.DD.zarr,894.787399,33,True
277,t2m,t2m.1996_AMJ.BN_RACMO2.3p2_ANT27_ERA5_3h.AIS.2km.DD.zarr,s3://nasa-cryo-scratch/jkingslake/Daily-2km-zarr/t2m/t2m.1996_AMJ.BN_RACMO2.3p2_ANT27_ERA5_3h.AIS.2km.DD.zarr,724.85032,33,True
278,precip,precip.1996_AMJ.BN_RACMO2.3p2_ANT27_ERA5_3h.AIS.2km.DD.zarr,s3://nasa-cryo-scratch/jkingslake/Daily-2km-zarr/precip/precip.1996_AMJ.BN_RACMO2.3p2_ANT27_ERA5_3h.AIS.2km.DD.zarr,904.560195,33,True
279,snowmelt,snowmelt.1996_AMJ.BN_RACMO2.3p2_ANT27_ERA5_3h.AIS.2km.DD.zarr,s3://nasa-cryo-scratch/jkingslake/Daily-2km-zarr/snowmelt/snowmelt.1996_AMJ.BN_RACMO2.3p2_ANT27_ERA5_3h.AIS.2km.DD.zarr,11.055225,1038,True
280,precip,precip.1996_JAS.BN_RACMO2.3p2_ANT27_ERA5_3h.AIS.2km.DD.zarr,s3://nasa-cryo-scratch/jkingslake/Daily-2km-zarr/precip/precip.1996_JAS.BN_RACMO2.3p2_ANT27_ERA5_3h.AIS.2km.DD.zarr,902.775518,33,True
281,ff10m,ff10m.1996_JAS.BN_RACMO2.3p2_ANT27_ERA5_3h.AIS.2km.DD.zarr,s3://nasa-cryo-scratch/jkingslake/Daily-2km-zarr/ff10m/ff10m.1996_JAS.BN_RACMO2.3p2_ANT27_ERA5_3h.AIS.2km.DD.zarr,901.073778,33,True
282,snowmelt,snowmelt.1996_JAS.BN_RACMO2.3p2_ANT27_ERA5_3h.AIS.2km.DD.zarr,s3://nasa-cryo-scratch/jkingslake/Daily-2km-zarr/snowmelt/snowmelt.1996_JAS.BN_RACMO2.3p2_ANT27_ERA5_3h.AIS.2km.DD.zarr,10.846962,1038,True
283,t2m,t2m.1996_JAS.BN_RACMO2.3p2_ANT27_ERA5_3h.AIS.2km.DD.zarr,s3://nasa-cryo-scratch/jkingslake/Daily-2km-zarr/t2m/t2m.1996_JAS.BN_RACMO2.3p2_ANT27_ERA5_3h.AIS.2km.DD.zarr,732.974284,33,True
284,t2m,t2m.1996_OND.BN_RACMO2.3p2_ANT27_ERA5_3h.AIS.2km.DD.zarr,s3://nasa-cryo-scratch/jkingslake/Daily-2km-zarr/t2m/t2m.1996_OND.BN_RACMO2.3p2_ANT27_ERA5_3h.AIS.2km.DD.zarr,716.499143,33,True
285,precip,precip.1996_OND.BN_RACMO2.3p2_ANT27_ERA5_3h.AIS.2km.DD.zarr,s3://nasa-cryo-scratch/jkingslake/Daily-2km-zarr/precip/precip.1996_OND.BN_RACMO2.3p2_ANT27_ERA5_3h.AIS.2km.DD.zarr,860.882651,33,True
286,ff10m,ff10m.1996_OND.BN_RACMO2.3p2_ANT27_ERA5_3h.AIS.2km.DD.zarr,s3://nasa-cryo-scratch/jkingslake/Daily-2km-zarr/ff10m/ff10m.1996_OND.BN_RACMO2.3p2_ANT27_ERA5_3h.AIS.2km.DD.zarr,899.259365,33,True
287,snowmelt,snowmelt.1996_OND.BN_RACMO2.3p2_ANT27_ERA5_3h.AIS.2km.DD.zarr,s3://nasa-cryo-scratch/jkingslake/Daily-2km-zarr/snowmelt/snowmelt.1996_OND.BN_RACMO2.3p2_ANT27_ERA5_3h.AIS.2km.DD.zarr,70.565441,1038,True
288,t2m,t2m.1997_JFM.BN_RACMO2.3p2_ANT27_ERA5_3h.AIS.2km.DD.zarr,s3://nasa-cryo-scratch/jkingslake/Daily-2km-zarr/t2m/t2m.1997_JFM.BN_RACMO2.3p2_ANT27_ERA5_3h.AIS.2km.DD.zarr,702.14457,32,True
289,precip,precip.1997_JFM.BN_RACMO2.3p2_ANT27_ERA5_3h.AIS.2km.DD.zarr,s3://nasa-cryo-scratch/jkingslake/Daily-2km-zarr/precip/precip.1997_JFM.BN_RACMO2.3p2_ANT27_ERA5_3h.AIS.2km.DD.zarr,852.884434,32,True
290,snowmelt,snowmelt.1997_JFM.BN_RACMO2.3p2_ANT27_ERA5_3h.AIS.2km.DD.zarr,s3://nasa-cryo-scratch/jkingslake/Daily-2km-zarr/snowmelt/snowmelt.1997_JFM.BN_RACMO2.3p2_ANT27_ERA5_3h.AIS.2km.DD.zarr,76.855351,974,True
291,ff10m,ff10m.1997_JFM.BN_RACMO2.3p2_ANT27_ERA5_3h.AIS.2km.DD.zarr,s3://nasa-cryo-scratch/jkingslake/Daily-2km-zarr/ff10m/ff10m.1997_JFM.BN_RACMO2.3p2_ANT27_ERA5_3h.AIS.2km.DD.zarr,197.187927,18,True
292,ff10m,ff10m.1997_AMJ.BN_RACMO2.3p2_ANT27_ERA5_3h.AIS.2km.DD.zarr,s3://nasa-cryo-scratch/jkingslake/Daily-2km-zarr/ff10m/ff10m.1997_AMJ.BN_RACMO2.3p2_ANT27_ERA5_3h.AIS.2km.DD.zarr,893.037866,33,True
293,t2m,t2m.1997_AMJ.BN_RACMO2.3p2_ANT27_ERA5_3h.AIS.2km.DD.zarr,s3://nasa-cryo-scratch/jkingslake/Daily-2km-zarr/t2m/t2m.1997_AMJ.BN_RACMO2.3p2_ANT27_ERA5_3h.AIS.2km.DD.zarr,724.60939,33,True
294,snowmelt,snowmelt.1997_AMJ.BN_RACMO2.3p2_ANT27_ERA5_3h.AIS.2km.DD.zarr,s3://nasa-cryo-scratch/jkingslake/Daily-2km-zarr/snowmelt/snowmelt.1997_AMJ.BN_RACMO2.3p2_ANT27_ERA5_3h.AIS.2km.DD.zarr,16.031532,1038,True
295,precip,precip.1997_AMJ.BN_RACMO2.3p2_ANT27_ERA5_3h.AIS.2km.DD.zarr,s3://nasa-cryo-scratch/jkingslake/Daily-2km-zarr/precip/precip.1997_AMJ.BN_RACMO2.3p2_ANT27_ERA5_3h.AIS.2km.DD.zarr,899.067082,33,True
296,ff10m,ff10m.1997_JAS.BN_RACMO2.3p2_ANT27_ERA5_3h.AIS.2km.DD.zarr,s3://nasa-cryo-scratch/jkingslake/Daily-2km-zarr/ff10m/ff10m.1997_JAS.BN_RACMO2.3p2_ANT27_ERA5_3h.AIS.2km.DD.zarr,755.81801,30,True
297,t2m,t2m.1997_JAS.BN_RACMO2.3p2_ANT27_ERA5_3h.AIS.2km.DD.zarr,s3://nasa-cryo-scratch/jkingslake/Daily-2km-zarr/t2m/t2m.1997_JAS.BN_RACMO2.3p2_ANT27_ERA5_3h.AIS.2km.DD.zarr,734.515389,33,True
298,precip,precip.1997_JAS.BN_RACMO2.3p2_ANT27_ERA5_3h.AIS.2km.DD.zarr,s3://nasa-cryo-scratch/jkingslake/Daily-2km-zarr/precip/precip.1997_JAS.BN_RACMO2.3p2_ANT27_ERA5_3h.AIS.2km.DD.zarr,904.914213,33,True
299,snowmelt,snowmelt.1997_JAS.BN_RACMO2.3p2_ANT27_ERA5_3h.AIS.2km.DD.zarr,s3://nasa-cryo-scratch/jkingslake/Daily-2km-zarr/snowmelt/snowmelt.1997_JAS.BN_RACMO2.3p2_ANT27_ERA5_3h.AIS.2km.DD.zarr,11.626398,1038,True
300,snowmelt,snowmelt.1997_OND.BN_RACMO2.3p2_ANT27_ERA5_3h.AIS.2km.DD.zarr,s3://nasa-cryo-scratch/jkingslake/Daily-2km-zarr/snowmelt/snowmelt.1997_OND.BN_RACMO2.3p2_ANT27_ERA5_3h.AIS.2km.DD.zarr,78.412012,1038,True
301,ff10m,ff10m.1997_OND.BN_RACMO2.3p2_ANT27_ERA5_3h.AIS.2km.DD.zarr,s3://nasa-cryo-scratch/jkingslake/Daily-2km-zarr/ff10m/ff10m.1997_OND.BN_RACMO2.3p2_ANT27_ERA5_3h.AIS.2km.DD.zarr,898.45015,33,True
302,precip,precip.1997_OND.BN_RACMO2.3p2_ANT27_ERA5_3h.AIS.2km.DD.zarr,s3://nasa-cryo-scratch/jkingslake/Daily-2km-zarr/precip/precip.1997_OND.BN_RACMO2.3p2_ANT27_ERA5_3h.AIS.2km.DD.zarr,842.466215,33,True
303,t2m,t2m.1997_OND.BN_RACMO2.3p2_ANT27_ERA5_3h.AIS.2km.DD.zarr,s3://nasa-cryo-scratch/jkingslake/Daily-2km-zarr/t2m/t2m.1997_OND.BN_RACMO2.3p2_ANT27_ERA5_3h.AIS.2km.DD.zarr,714.442385,33,True
304,snowmelt,snowmelt.1998_JFM.BN_RACMO2.3p2_ANT27_ERA5_3h.AIS.2km.DD.zarr,s3://nasa-cryo-scratch/jkingslake/Daily-2km-zarr/snowmelt/snowmelt.1998_JFM.BN_RACMO2.3p2_ANT27_ERA5_3h.AIS.2km.DD.zarr,164.445119,974,True
305,ff10m,ff10m.1998_JFM.BN_RACMO2.3p2_ANT27_ERA5_3h.AIS.2km.DD.zarr,s3://nasa-cryo-scratch/jkingslake/Daily-2km-zarr/ff10m/ff10m.1998_JFM.BN_RACMO2.3p2_ANT27_ERA5_3h.AIS.2km.DD.zarr,886.041985,32,True
306,t2m,t2m.1998_JFM.BN_RACMO2.3p2_ANT27_ERA5_3h.AIS.2km.DD.zarr,s3://nasa-cryo-scratch/jkingslake/Daily-2km-zarr/t2m/t2m.1998_JFM.BN_RACMO2.3p2_ANT27_ERA5_3h.AIS.2km.DD.zarr,701.120486,32,True
307,precip,precip.1998_JFM.BN_RACMO2.3p2_ANT27_ERA5_3h.AIS.2km.DD.zarr,s3://nasa-cryo-scratch/jkingslake/Daily-2km-zarr/precip/precip.1998_JFM.BN_RACMO2.3p2_ANT27_ERA5_3h.AIS.2km.DD.zarr,862.041868,32,True
308,precip,precip.1998_AMJ.BN_RACMO2.3p2_ANT27_ERA5_3h.AIS.2km.DD.zarr,s3://nasa-cryo-scratch/jkingslake/Daily-2km-zarr/precip/precip.1998_AMJ.BN_RACMO2.3p2_ANT27_ERA5_3h.AIS.2km.DD.zarr,899.547041,33,True
309,t2m,t2m.1998_AMJ.BN_RACMO2.3p2_ANT27_ERA5_3h.AIS.2km.DD.zarr,s3://nasa-cryo-scratch/jkingslake/Daily-2km-zarr/t2m/t2m.1998_AMJ.BN_RACMO2.3p2_ANT27_ERA5_3h.AIS.2km.DD.zarr,723.761462,33,True
310,ff10m,ff10m.1998_AMJ.BN_RACMO2.3p2_ANT27_ERA5_3h.AIS.2km.DD.zarr,s3://nasa-cryo-scratch/jkingslake/Daily-2km-zarr/ff10m/ff10m.1998_AMJ.BN_RACMO2.3p2_ANT27_ERA5_3h.AIS.2km.DD.zarr,893.027187,33,True
311,snowmelt,snowmelt.1998_AMJ.BN_RACMO2.3p2_ANT27_ERA5_3h.AIS.2km.DD.zarr,s3://nasa-cryo-scratch/jkingslake/Daily-2km-zarr/snowmelt/snowmelt.1998_AMJ.BN_RACMO2.3p2_ANT27_ERA5_3h.AIS.2km.DD.zarr,15.541781,1038,True
312,ff10m,ff10m.1998_JAS.BN_RACMO2.3p2_ANT27_ERA5_3h.AIS.2km.DD.zarr,s3://nasa-cryo-scratch/jkingslake/Daily-2km-zarr/ff10m/ff10m.1998_JAS.BN_RACMO2.3p2_ANT27_ERA5_3h.AIS.2km.DD.zarr,903.921614,33,True
313,t2m,t2m.1998_JAS.BN_RACMO2.3p2_ANT27_ERA5_3h.AIS.2km.DD.zarr,s3://nasa-cryo-scratch/jkingslake/Daily-2km-zarr/t2m/t2m.1998_JAS.BN_RACMO2.3p2_ANT27_ERA5_3h.AIS.2km.DD.zarr,734.665675,33,True
314,snowmelt,snowmelt.1998_JAS.BN_RACMO2.3p2_ANT27_ERA5_3h.AIS.2km.DD.zarr,s3://nasa-cryo-scratch/jkingslake/Daily-2km-zarr/snowmelt/snowmelt.1998_JAS.BN_RACMO2.3p2_ANT27_ERA5_3h.AIS.2km.DD.zarr,17.111943,1038,True
315,precip,precip.1998_JAS.BN_RACMO2.3p2_ANT27_ERA5_3h.AIS.2km.DD.zarr,s3://nasa-cryo-scratch/jkingslake/Daily-2km-zarr/precip/precip.1998_JAS.BN_RACMO2.3p2_ANT27_ERA5_3h.AIS.2km.DD.zarr,910.368936,33,True
316,ff10m,ff10m.1998_OND.BN_RACMO2.3p2_ANT27_ERA5_3h.AIS.2km.DD.zarr,s3://nasa-cryo-scratch/jkingslake/Daily-2km-zarr/ff10m/ff10m.1998_OND.BN_RACMO2.3p2_ANT27_ERA5_3h.AIS.2km.DD.zarr,901.220304,33,True
317,snowmelt,snowmelt.1998_OND.BN_RACMO2.3p2_ANT27_ERA5_3h.AIS.2km.DD.zarr,s3://nasa-cryo-scratch/jkingslake/Daily-2km-zarr/snowmelt/snowmelt.1998_OND.BN_RACMO2.3p2_ANT27_ERA5_3h.AIS.2km.DD.zarr,72.425567,1038,True
318,t2m,t2m.1998_OND.BN_RACMO2.3p2_ANT27_ERA5_3h.AIS.2km.DD.zarr,s3://nasa-cryo-scratch/jkingslake/Daily-2km-zarr/t2m/t2m.1998_OND.BN_RACMO2.3p2_ANT27_ERA5_3h.AIS.2km.DD.zarr,717.192318,33,True
319,precip,precip.1998_OND.BN_RACMO2.3p2_ANT27_ERA5_3h.AIS.2km.DD.zarr,s3://nasa-cryo-scratch/jkingslake/Daily-2km-zarr/precip/precip.1998_OND.BN_RACMO2.3p2_ANT27_ERA5_3h.AIS.2km.DD.zarr,861.667035,33,True
320,ff10m,ff10m.1999_JFM.BN_RACMO2.3p2_ANT27_ERA5_3h.AIS.2km.DD.zarr,s3://nasa-cryo-scratch/jkingslake/Daily-2km-zarr/ff10m/ff10m.1999_JFM.BN_RACMO2.3p2_ANT27_ERA5_3h.AIS.2km.DD.zarr,883.327025,32,True
321,t2m,t2m.1999_JFM.BN_RACMO2.3p2_ANT27_ERA5_3h.AIS.2km.DD.zarr,s3://nasa-cryo-scratch/jkingslake/Daily-2km-zarr/t2m/t2m.1999_JFM.BN_RACMO2.3p2_ANT27_ERA5_3h.AIS.2km.DD.zarr,701.287226,32,True
322,precip,precip.1999_JFM.BN_RACMO2.3p2_ANT27_ERA5_3h.AIS.2km.DD.zarr,s3://nasa-cryo-scratch/jkingslake/Daily-2km-zarr/precip/precip.1999_JFM.BN_RACMO2.3p2_ANT27_ERA5_3h.AIS.2km.DD.zarr,849.861886,32,True
323,snowmelt,snowmelt.1999_JFM.BN_RACMO2.3p2_ANT27_ERA5_3h.AIS.2km.DD.zarr,s3://nasa-cryo-scratch/jkingslake/Daily-2km-zarr/snowmelt/snowmelt.1999_JFM.BN_RACMO2.3p2_ANT27_ERA5_3h.AIS.2km.DD.zarr,86.198063,974,True
324,snowmelt,snowmelt.1999_AMJ.BN_RACMO2.3p2_ANT27_ERA5_3h.AIS.2km.DD.zarr,s3://nasa-cryo-scratch/jkingslake/Daily-2km-zarr/snowmelt/snowmelt.1999_AMJ.BN_RACMO2.3p2_ANT27_ERA5_3h.AIS.2km.DD.zarr,19.358049,1038,True
325,precip,precip.1999_AMJ.BN_RACMO2.3p2_ANT27_ERA5_3h.AIS.2km.DD.zarr,s3://nasa-cryo-scratch/jkingslake/Daily-2km-zarr/precip/precip.1999_AMJ.BN_RACMO2.3p2_ANT27_ERA5_3h.AIS.2km.DD.zarr,901.419596,33,True
326,t2m,t2m.1999_AMJ.BN_RACMO2.3p2_ANT27_ERA5_3h.AIS.2km.DD.zarr,s3://nasa-cryo-scratch/jkingslake/Daily-2km-zarr/t2m/t2m.1999_AMJ.BN_RACMO2.3p2_ANT27_ERA5_3h.AIS.2km.DD.zarr,725.02278,33,True
327,ff10m,ff10m.1999_AMJ.BN_RACMO2.3p2_ANT27_ERA5_3h.AIS.2km.DD.zarr,s3://nasa-cryo-scratch/jkingslake/Daily-2km-zarr/ff10m/ff10m.1999_AMJ.BN_RACMO2.3p2_ANT27_ERA5_3h.AIS.2km.DD.zarr,893.632455,33,True
328,ff10m,ff10m.1999_JAS.BN_RACMO2.3p2_ANT27_ERA5_3h.AIS.2km.DD.zarr,s3://nasa-cryo-scratch/jkingslake/Daily-2km-zarr/ff10m/ff10m.1999_JAS.BN_RACMO2.3p2_ANT27_ERA5_3h.AIS.2km.DD.zarr,851.795217,32,True
329,snowmelt,snowmelt.1999_JAS.BN_RACMO2.3p2_ANT27_ERA5_3h.AIS.2km.DD.zarr,s3://nasa-cryo-scratch/jkingslake/Daily-2km-zarr/snowmelt/snowmelt.1999_JAS.BN_RACMO2.3p2_ANT27_ERA5_3h.AIS.2km.DD.zarr,10.612702,1038,True
330,precip,precip.1999_JAS.BN_RACMO2.3p2_ANT27_ERA5_3h.AIS.2km.DD.zarr,s3://nasa-cryo-scratch/jkingslake/Daily-2km-zarr/precip/precip.1999_JAS.BN_RACMO2.3p2_ANT27_ERA5_3h.AIS.2km.DD.zarr,911.01571,33,True
331,t2m,t2m.1999_JAS.BN_RACMO2.3p2_ANT27_ERA5_3h.AIS.2km.DD.zarr,s3://nasa-cryo-scratch/jkingslake/Daily-2km-zarr/t2m/t2m.1999_JAS.BN_RACMO2.3p2_ANT27_ERA5_3h.AIS.2km.DD.zarr,733.173244,33,True
332,ff10m,ff10m.1999_OND.BN_RACMO2.3p2_ANT27_ERA5_3h.AIS.2km.DD.zarr,s3://nasa-cryo-scratch/jkingslake/Daily-2km-zarr/ff10m/ff10m.1999_OND.BN_RACMO2.3p2_ANT27_ERA5_3h.AIS.2km.DD.zarr,900.921353,33,True
333,snowmelt,snowmelt.1999_OND.BN_RACMO2.3p2_ANT27_ERA5_3h.AIS.2km.DD.zarr,s3://nasa-cryo-scratch/jkingslake/Daily-2km-zarr/snowmelt/snowmelt.1999_OND.BN_RACMO2.3p2_ANT27_ERA5_3h.AIS.2km.DD.zarr,61.202024,1038,True
334,t2m,t2m.1999_OND.BN_RACMO2.3p2_ANT27_ERA5_3h.AIS.2km.DD.zarr,s3://nasa-cryo-scratch/jkingslake/Daily-2km-zarr/t2m/t2m.1999_OND.BN_RACMO2.3p2_ANT27_ERA5_3h.AIS.2km.DD.zarr,717.039051,33,True
335,precip,precip.1999_OND.BN_RACMO2.3p2_ANT27_ERA5_3h.AIS.2km.DD.zarr,s3://nasa-cryo-scratch/jkingslake/Daily-2km-zarr/precip/precip.1999_OND.BN_RACMO2.3p2_ANT27_ERA5_3h.AIS.2km.DD.zarr,867.396558,33,True
336,t2m,t2m.2000_JFM.BN_RACMO2.3p2_ANT27_ERA5_3h.AIS.2km.DD.zarr,s3://nasa-cryo-scratch/jkingslake/Daily-2km-zarr/t2m/t2m.2000_JFM.BN_RACMO2.3p2_ANT27_ERA5_3h.AIS.2km.DD.zarr,710.92195,33,True
337,snowmelt,snowmelt.2000_JFM.BN_RACMO2.3p2_ANT27_ERA5_3h.AIS.2km.DD.zarr,s3://nasa-cryo-scratch/jkingslake/Daily-2km-zarr/snowmelt/snowmelt.2000_JFM.BN_RACMO2.3p2_ANT27_ERA5_3h.AIS.2km.DD.zarr,70.821529,1038,True
338,ff10m,ff10m.2000_JFM.BN_RACMO2.3p2_ANT27_ERA5_3h.AIS.2km.DD.zarr,s3://nasa-cryo-scratch/jkingslake/Daily-2km-zarr/ff10m/ff10m.2000_JFM.BN_RACMO2.3p2_ANT27_ERA5_3h.AIS.2km.DD.zarr,894.860078,33,True
339,precip,precip.2000_JFM.BN_RACMO2.3p2_ANT27_ERA5_3h.AIS.2km.DD.zarr,s3://nasa-cryo-scratch/jkingslake/Daily-2km-zarr/precip/precip.2000_JFM.BN_RACMO2.3p2_ANT27_ERA5_3h.AIS.2km.DD.zarr,870.0858,33,True
340,ff10m,ff10m.2000_AMJ.BN_RACMO2.3p2_ANT27_ERA5_3h.AIS.2km.DD.zarr,s3://nasa-cryo-scratch/jkingslake/Daily-2km-zarr/ff10m/ff10m.2000_AMJ.BN_RACMO2.3p2_ANT27_ERA5_3h.AIS.2km.DD.zarr,844.653679,32,True
341,precip,precip.2000_AMJ.BN_RACMO2.3p2_ANT27_ERA5_3h.AIS.2km.DD.zarr,s3://nasa-cryo-scratch/jkingslake/Daily-2km-zarr/precip/precip.2000_AMJ.BN_RACMO2.3p2_ANT27_ERA5_3h.AIS.2km.DD.zarr,904.917313,33,True
342,t2m,t2m.2000_AMJ.BN_RACMO2.3p2_ANT27_ERA5_3h.AIS.2km.DD.zarr,s3://nasa-cryo-scratch/jkingslake/Daily-2km-zarr/t2m/t2m.2000_AMJ.BN_RACMO2.3p2_ANT27_ERA5_3h.AIS.2km.DD.zarr,725.073669,33,True
343,snowmelt,snowmelt.2000_AMJ.BN_RACMO2.3p2_ANT27_ERA5_3h.AIS.2km.DD.zarr,s3://nasa-cryo-scratch/jkingslake/Daily-2km-zarr/snowmelt/snowmelt.2000_AMJ.BN_RACMO2.3p2_ANT27_ERA5_3h.AIS.2km.DD.zarr,10.746182,1038,True
344,snowmelt,snowmelt.2000_JAS.BN_RACMO2.3p2_ANT27_ERA5_3h.AIS.2km.DD.zarr,s3://nasa-cryo-scratch/jkingslake/Daily-2km-zarr/snowmelt/snowmelt.2000_JAS.BN_RACMO2.3p2_ANT27_ERA5_3h.AIS.2km.DD.zarr,13.490592,1038,True
345,t2m,t2m.2000_JAS.BN_RACMO2.3p2_ANT27_ERA5_3h.AIS.2km.DD.zarr,s3://nasa-cryo-scratch/jkingslake/Daily-2km-zarr/t2m/t2m.2000_JAS.BN_RACMO2.3p2_ANT27_ERA5_3h.AIS.2km.DD.zarr,733.504159,33,True
346,precip,precip.2000_JAS.BN_RACMO2.3p2_ANT27_ERA5_3h.AIS.2km.DD.zarr,s3://nasa-cryo-scratch/jkingslake/Daily-2km-zarr/precip/precip.2000_JAS.BN_RACMO2.3p2_ANT27_ERA5_3h.AIS.2km.DD.zarr,901.237206,33,True
347,ff10m,ff10m.2000_JAS.BN_RACMO2.3p2_ANT27_ERA5_3h.AIS.2km.DD.zarr,s3://nasa-cryo-scratch/jkingslake/Daily-2km-zarr/ff10m/ff10m.2000_JAS.BN_RACMO2.3p2_ANT27_ERA5_3h.AIS.2km.DD.zarr,903.140272,33,True
348,t2m,t2m.2000_OND.BN_RACMO2.3p2_ANT27_ERA5_3h.AIS.2km.DD.zarr,s3://nasa-cryo-scratch/jkingslake/Daily-2km-zarr/t2m/t2m.2000_OND.BN_RACMO2.3p2_ANT27_ERA5_3h.AIS.2km.DD.zarr,715.552558,33,True
349,precip,precip.2000_OND.BN_RACMO2.3p2_ANT27_ERA5_3h.AIS.2km.DD.zarr,s3://nasa-cryo-scratch/jkingslake/Daily-2km-zarr/precip/precip.2000_OND.BN_RACMO2.3p2_ANT27_ERA5_3h.AIS.2km.DD.zarr,841.897231,33,True
350,snowmelt,snowmelt.2000_OND.BN_RACMO2.3p2_ANT27_ERA5_3h.AIS.2km.DD.zarr,s3://nasa-cryo-scratch/jkingslake/Daily-2km-zarr/snowmelt/snowmelt.2000_OND.BN_RACMO2.3p2_ANT27_ERA5_3h.AIS.2km.DD.zarr,74.402892,1038,True
351,ff10m,ff10m.2000_OND.BN_RACMO2.3p2_ANT27_ERA5_3h.AIS.2km.DD.zarr,s3://nasa-cryo-scratch/jkingslake/Daily-2km-zarr/ff10m/ff10m.2000_OND.BN_RACMO2.3p2_ANT27_ERA5_3h.AIS.2km.DD.zarr,900.246215,33,True
352,precip,precip.2001_JFM.BN_RACMO2.3p2_ANT27_ERA5_3h.AIS.2km.DD.zarr,s3://nasa-cryo-scratch/jkingslake/Daily-2km-zarr/precip/precip.2001_JFM.BN_RACMO2.3p2_ANT27_ERA5_3h.AIS.2km.DD.zarr,847.386561,32,True
353,snowmelt,snowmelt.2001_JFM.BN_RACMO2.3p2_ANT27_ERA5_3h.AIS.2km.DD.zarr,s3://nasa-cryo-scratch/jkingslake/Daily-2km-zarr/snowmelt/snowmelt.2001_JFM.BN_RACMO2.3p2_ANT27_ERA5_3h.AIS.2km.DD.zarr,68.620408,974,True
354,t2m,t2m.2001_JFM.BN_RACMO2.3p2_ANT27_ERA5_3h.AIS.2km.DD.zarr,s3://nasa-cryo-scratch/jkingslake/Daily-2km-zarr/t2m/t2m.2001_JFM.BN_RACMO2.3p2_ANT27_ERA5_3h.AIS.2km.DD.zarr,700.974028,32,True
355,ff10m,ff10m.2001_JFM.BN_RACMO2.3p2_ANT27_ERA5_3h.AIS.2km.DD.zarr,s3://nasa-cryo-scratch/jkingslake/Daily-2km-zarr/ff10m/ff10m.2001_JFM.BN_RACMO2.3p2_ANT27_ERA5_3h.AIS.2km.DD.zarr,885.938312,32,True
356,snowmelt,snowmelt.2001_AMJ.BN_RACMO2.3p2_ANT27_ERA5_3h.AIS.2km.DD.zarr,s3://nasa-cryo-scratch/jkingslake/Daily-2km-zarr/snowmelt/snowmelt.2001_AMJ.BN_RACMO2.3p2_ANT27_ERA5_3h.AIS.2km.DD.zarr,13.06815,1038,True
357,ff10m,ff10m.2001_AMJ.BN_RACMO2.3p2_ANT27_ERA5_3h.AIS.2km.DD.zarr,s3://nasa-cryo-scratch/jkingslake/Daily-2km-zarr/ff10m/ff10m.2001_AMJ.BN_RACMO2.3p2_ANT27_ERA5_3h.AIS.2km.DD.zarr,353.698227,22,True
358,t2m,t2m.2001_AMJ.BN_RACMO2.3p2_ANT27_ERA5_3h.AIS.2km.DD.zarr,s3://nasa-cryo-scratch/jkingslake/Daily-2km-zarr/t2m/t2m.2001_AMJ.BN_RACMO2.3p2_ANT27_ERA5_3h.AIS.2km.DD.zarr,723.969805,33,True
359,precip,precip.2001_AMJ.BN_RACMO2.3p2_ANT27_ERA5_3h.AIS.2km.DD.zarr,s3://nasa-cryo-scratch/jkingslake/Daily-2km-zarr/precip/precip.2001_AMJ.BN_RACMO2.3p2_ANT27_ERA5_3h.AIS.2km.DD.zarr,898.506638,33,True
360,snowmelt,snowmelt.2001_JAS.BN_RACMO2.3p2_ANT27_ERA5_3h.AIS.2km.DD.zarr,s3://nasa-cryo-scratch/jkingslake/Daily-2km-zarr/snowmelt/snowmelt.2001_JAS.BN_RACMO2.3p2_ANT27_ERA5_3h.AIS.2km.DD.zarr,14.34572,1038,True
361,precip,precip.2001_JAS.BN_RACMO2.3p2_ANT27_ERA5_3h.AIS.2km.DD.zarr,s3://nasa-cryo-scratch/jkingslake/Daily-2km-zarr/precip/precip.2001_JAS.BN_RACMO2.3p2_ANT27_ERA5_3h.AIS.2km.DD.zarr,908.993778,33,True
362,ff10m,ff10m.2001_JAS.BN_RACMO2.3p2_ANT27_ERA5_3h.AIS.2km.DD.zarr,s3://nasa-cryo-scratch/jkingslake/Daily-2km-zarr/ff10m/ff10m.2001_JAS.BN_RACMO2.3p2_ANT27_ERA5_3h.AIS.2km.DD.zarr,902.074186,33,True
363,t2m,t2m.2001_JAS.BN_RACMO2.3p2_ANT27_ERA5_3h.AIS.2km.DD.zarr,s3://nasa-cryo-scratch/jkingslake/Daily-2km-zarr/t2m/t2m.2001_JAS.BN_RACMO2.3p2_ANT27_ERA5_3h.AIS.2km.DD.zarr,734.102377,33,True
364,ff10m,ff10m.2001_OND.BN_RACMO2.3p2_ANT27_ERA5_3h.AIS.2km.DD.zarr,s3://nasa-cryo-scratch/jkingslake/Daily-2km-zarr/ff10m/ff10m.2001_OND.BN_RACMO2.3p2_ANT27_ERA5_3h.AIS.2km.DD.zarr,896.121205,33,True
365,t2m,t2m.2001_OND.BN_RACMO2.3p2_ANT27_ERA5_3h.AIS.2km.DD.zarr,s3://nasa-cryo-scratch/jkingslake/Daily-2km-zarr/t2m/t2m.2001_OND.BN_RACMO2.3p2_ANT27_ERA5_3h.AIS.2km.DD.zarr,715.913691,33,True
366,precip,precip.2001_OND.BN_RACMO2.3p2_ANT27_ERA5_3h.AIS.2km.DD.zarr,s3://nasa-cryo-scratch/jkingslake/Daily-2km-zarr/precip/precip.2001_OND.BN_RACMO2.3p2_ANT27_ERA5_3h.AIS.2km.DD.zarr,852.276818,33,True
367,snowmelt,snowmelt.2001_OND.BN_RACMO2.3p2_ANT27_ERA5_3h.AIS.2km.DD.zarr,s3://nasa-cryo-scratch/jkingslake/Daily-2km-zarr/snowmelt/snowmelt.2001_OND.BN_RACMO2.3p2_ANT27_ERA5_3h.AIS.2km.DD.zarr,61.146473,1038,True
368,snowmelt,snowmelt.2002_JFM.BN_RACMO2.3p2_ANT27_ERA5_3h.AIS.2km.DD.zarr,s3://nasa-cryo-scratch/jkingslake/Daily-2km-zarr/snowmelt/snowmelt.2002_JFM.BN_RACMO2.3p2_ANT27_ERA5_3h.AIS.2km.DD.zarr,78.937825,974,True
369,t2m,t2m.2002_JFM.BN_RACMO2.3p2_ANT27_ERA5_3h.AIS.2km.DD.zarr,s3://nasa-cryo-scratch/jkingslake/Daily-2km-zarr/t2m/t2m.2002_JFM.BN_RACMO2.3p2_ANT27_ERA5_3h.AIS.2km.DD.zarr,699.924737,32,True
370,ff10m,ff10m.2002_JFM.BN_RACMO2.3p2_ANT27_ERA5_3h.AIS.2km.DD.zarr,s3://nasa-cryo-scratch/jkingslake/Daily-2km-zarr/ff10m/ff10m.2002_JFM.BN_RACMO2.3p2_ANT27_ERA5_3h.AIS.2km.DD.zarr,883.13029,32,True
371,precip,precip.2002_JFM.BN_RACMO2.3p2_ANT27_ERA5_3h.AIS.2km.DD.zarr,s3://nasa-cryo-scratch/jkingslake/Daily-2km-zarr/precip/precip.2002_JFM.BN_RACMO2.3p2_ANT27_ERA5_3h.AIS.2km.DD.zarr,854.542453,32,True
372,t2m,t2m.2002_AMJ.BN_RACMO2.3p2_ANT27_ERA5_3h.AIS.2km.DD.zarr,s3://nasa-cryo-scratch/jkingslake/Daily-2km-zarr/t2m/t2m.2002_AMJ.BN_RACMO2.3p2_ANT27_ERA5_3h.AIS.2km.DD.zarr,722.920409,33,True
373,snowmelt,snowmelt.2002_AMJ.BN_RACMO2.3p2_ANT27_ERA5_3h.AIS.2km.DD.zarr,s3://nasa-cryo-scratch/jkingslake/Daily-2km-zarr/snowmelt/snowmelt.2002_AMJ.BN_RACMO2.3p2_ANT27_ERA5_3h.AIS.2km.DD.zarr,10.366143,1038,True
374,precip,precip.2002_AMJ.BN_RACMO2.3p2_ANT27_ERA5_3h.AIS.2km.DD.zarr,s3://nasa-cryo-scratch/jkingslake/Daily-2km-zarr/precip/precip.2002_AMJ.BN_RACMO2.3p2_ANT27_ERA5_3h.AIS.2km.DD.zarr,899.866591,33,True
375,ff10m,ff10m.2002_AMJ.BN_RACMO2.3p2_ANT27_ERA5_3h.AIS.2km.DD.zarr,s3://nasa-cryo-scratch/jkingslake/Daily-2km-zarr/ff10m/ff10m.2002_AMJ.BN_RACMO2.3p2_ANT27_ERA5_3h.AIS.2km.DD.zarr,891.534781,33,True
376,ff10m,ff10m.2002_JAS.BN_RACMO2.3p2_ANT27_ERA5_3h.AIS.2km.DD.zarr,s3://nasa-cryo-scratch/jkingslake/Daily-2km-zarr/ff10m/ff10m.2002_JAS.BN_RACMO2.3p2_ANT27_ERA5_3h.AIS.2km.DD.zarr,902.89471,33,True
377,precip,precip.2002_JAS.BN_RACMO2.3p2_ANT27_ERA5_3h.AIS.2km.DD.zarr,s3://nasa-cryo-scratch/jkingslake/Daily-2km-zarr/precip/precip.2002_JAS.BN_RACMO2.3p2_ANT27_ERA5_3h.AIS.2km.DD.zarr,908.900364,33,True
378,snowmelt,snowmelt.2002_JAS.BN_RACMO2.3p2_ANT27_ERA5_3h.AIS.2km.DD.zarr,s3://nasa-cryo-scratch/jkingslake/Daily-2km-zarr/snowmelt/snowmelt.2002_JAS.BN_RACMO2.3p2_ANT27_ERA5_3h.AIS.2km.DD.zarr,10.315751,1038,True
379,t2m,t2m.2002_JAS.BN_RACMO2.3p2_ANT27_ERA5_3h.AIS.2km.DD.zarr,s3://nasa-cryo-scratch/jkingslake/Daily-2km-zarr/t2m/t2m.2002_JAS.BN_RACMO2.3p2_ANT27_ERA5_3h.AIS.2km.DD.zarr,733.370387,33,True
380,precip,precip.2002_OND.BN_RACMO2.3p2_ANT27_ERA5_3h.AIS.2km.DD.zarr,s3://nasa-cryo-scratch/jkingslake/Daily-2km-zarr/precip/precip.2002_OND.BN_RACMO2.3p2_ANT27_ERA5_3h.AIS.2km.DD.zarr,859.810078,33,True
381,snowmelt,snowmelt.2002_OND.BN_RACMO2.3p2_ANT27_ERA5_3h.AIS.2km.DD.zarr,s3://nasa-cryo-scratch/jkingslake/Daily-2km-zarr/snowmelt/snowmelt.2002_OND.BN_RACMO2.3p2_ANT27_ERA5_3h.AIS.2km.DD.zarr,59.801282,1038,True
382,ff10m,ff10m.2002_OND.BN_RACMO2.3p2_ANT27_ERA5_3h.AIS.2km.DD.zarr,s3://nasa-cryo-scratch/jkingslake/Daily-2km-zarr/ff10m/ff10m.2002_OND.BN_RACMO2.3p2_ANT27_ERA5_3h.AIS.2km.DD.zarr,903.854016,33,True
383,t2m,t2m.2002_OND.BN_RACMO2.3p2_ANT27_ERA5_3h.AIS.2km.DD.zarr,s3://nasa-cryo-scratch/jkingslake/Daily-2km-zarr/t2m/t2m.2002_OND.BN_RACMO2.3p2_ANT27_ERA5_3h.AIS.2km.DD.zarr,234.868588,20,True
384,snowmelt,snowmelt.2003_JFM.BN_RACMO2.3p2_ANT27_ERA5_3h.AIS.2km.DD.zarr,s3://nasa-cryo-scratch/jkingslake/Daily-2km-zarr/snowmelt/snowmelt.2003_JFM.BN_RACMO2.3p2_ANT27_ERA5_3h.AIS.2km.DD.zarr,89.89143,974,True
385,t2m,t2m.2003_JFM.BN_RACMO2.3p2_ANT27_ERA5_3h.AIS.2km.DD.zarr,s3://nasa-cryo-scratch/jkingslake/Daily-2km-zarr/t2m/t2m.2003_JFM.BN_RACMO2.3p2_ANT27_ERA5_3h.AIS.2km.DD.zarr,700.186353,32,True
386,precip,precip.2003_JFM.BN_RACMO2.3p2_ANT27_ERA5_3h.AIS.2km.DD.zarr,s3://nasa-cryo-scratch/jkingslake/Daily-2km-zarr/precip/precip.2003_JFM.BN_RACMO2.3p2_ANT27_ERA5_3h.AIS.2km.DD.zarr,868.392835,32,True
387,ff10m,ff10m.2003_JFM.BN_RACMO2.3p2_ANT27_ERA5_3h.AIS.2km.DD.zarr,s3://nasa-cryo-scratch/jkingslake/Daily-2km-zarr/ff10m/ff10m.2003_JFM.BN_RACMO2.3p2_ANT27_ERA5_3h.AIS.2km.DD.zarr,392.194707,22,True
388,ff10m,ff10m.2003_AMJ.BN_RACMO2.3p2_ANT27_ERA5_3h.AIS.2km.DD.zarr,s3://nasa-cryo-scratch/jkingslake/Daily-2km-zarr/ff10m/ff10m.2003_AMJ.BN_RACMO2.3p2_ANT27_ERA5_3h.AIS.2km.DD.zarr,844.402721,32,True
389,snowmelt,snowmelt.2003_AMJ.BN_RACMO2.3p2_ANT27_ERA5_3h.AIS.2km.DD.zarr,s3://nasa-cryo-scratch/jkingslake/Daily-2km-zarr/snowmelt/snowmelt.2003_AMJ.BN_RACMO2.3p2_ANT27_ERA5_3h.AIS.2km.DD.zarr,19.753613,1038,True
390,precip,precip.2003_AMJ.BN_RACMO2.3p2_ANT27_ERA5_3h.AIS.2km.DD.zarr,s3://nasa-cryo-scratch/jkingslake/Daily-2km-zarr/precip/precip.2003_AMJ.BN_RACMO2.3p2_ANT27_ERA5_3h.AIS.2km.DD.zarr,198.267864,18,True
391,t2m,t2m.2003_AMJ.BN_RACMO2.3p2_ANT27_ERA5_3h.AIS.2km.DD.zarr,s3://nasa-cryo-scratch/jkingslake/Daily-2km-zarr/t2m/t2m.2003_AMJ.BN_RACMO2.3p2_ANT27_ERA5_3h.AIS.2km.DD.zarr,724.8049,33,True
392,ff10m,ff10m.2003_JAS.BN_RACMO2.3p2_ANT27_ERA5_3h.AIS.2km.DD.zarr,s3://nasa-cryo-scratch/jkingslake/Daily-2km-zarr/ff10m/ff10m.2003_JAS.BN_RACMO2.3p2_ANT27_ERA5_3h.AIS.2km.DD.zarr,902.690946,33,True
393,snowmelt,snowmelt.2003_JAS.BN_RACMO2.3p2_ANT27_ERA5_3h.AIS.2km.DD.zarr,s3://nasa-cryo-scratch/jkingslake/Daily-2km-zarr/snowmelt/snowmelt.2003_JAS.BN_RACMO2.3p2_ANT27_ERA5_3h.AIS.2km.DD.zarr,11.366533,1038,True
394,precip,precip.2003_JAS.BN_RACMO2.3p2_ANT27_ERA5_3h.AIS.2km.DD.zarr,s3://nasa-cryo-scratch/jkingslake/Daily-2km-zarr/precip/precip.2003_JAS.BN_RACMO2.3p2_ANT27_ERA5_3h.AIS.2km.DD.zarr,919.903709,33,True
395,t2m,t2m.2003_JAS.BN_RACMO2.3p2_ANT27_ERA5_3h.AIS.2km.DD.zarr,s3://nasa-cryo-scratch/jkingslake/Daily-2km-zarr/t2m/t2m.2003_JAS.BN_RACMO2.3p2_ANT27_ERA5_3h.AIS.2km.DD.zarr,734.288099,33,True
396,t2m,t2m.2003_OND.BN_RACMO2.3p2_ANT27_ERA5_3h.AIS.2km.DD.zarr,s3://nasa-cryo-scratch/jkingslake/Daily-2km-zarr/t2m/t2m.2003_OND.BN_RACMO2.3p2_ANT27_ERA5_3h.AIS.2km.DD.zarr,716.128574,33,True
397,ff10m,ff10m.2003_OND.BN_RACMO2.3p2_ANT27_ERA5_3h.AIS.2km.DD.zarr,s3://nasa-cryo-scratch/jkingslake/Daily-2km-zarr/ff10m/ff10m.2003_OND.BN_RACMO2.3p2_ANT27_ERA5_3h.AIS.2km.DD.zarr,558.073802,26,True
398,snowmelt,snowmelt.2003_OND.BN_RACMO2.3p2_ANT27_ERA5_3h.AIS.2km.DD.zarr,s3://nasa-cryo-scratch/jkingslake/Daily-2km-zarr/snowmelt/snowmelt.2003_OND.BN_RACMO2.3p2_ANT27_ERA5_3h.AIS.2km.DD.zarr,71.811245,1038,True
399,precip,precip.2003_OND.BN_RACMO2.3p2_ANT27_ERA5_3h.AIS.2km.DD.zarr,s3://nasa-cryo-scratch/jkingslake/Daily-2km-zarr/precip/precip.2003_OND.BN_RACMO2.3p2_ANT27_ERA5_3h.AIS.2km.DD.zarr,772.941364,32,True
400,precip,precip.2004_JFM.BN_RACMO2.3p2_ANT27_ERA5_3h.AIS.2km.DD.zarr,s3://nasa-cryo-scratch/jkingslake/Daily-2km-zarr/precip/precip.2004_JFM.BN_RACMO2.3p2_ANT27_ERA5_3h.AIS.2km.DD.zarr,855.123583,33,True
401,ff10m,ff10m.2004_JFM.BN_RACMO2.3p2_ANT27_ERA5_3h.AIS.2km.DD.zarr,s3://nasa-cryo-scratch/jkingslake/Daily-2km-zarr/ff10m/ff10m.2004_JFM.BN_RACMO2.3p2_ANT27_ERA5_3h.AIS.2km.DD.zarr,892.934425,33,True
402,snowmelt,snowmelt.2004_JFM.BN_RACMO2.3p2_ANT27_ERA5_3h.AIS.2km.DD.zarr,s3://nasa-cryo-scratch/jkingslake/Daily-2km-zarr/snowmelt/snowmelt.2004_JFM.BN_RACMO2.3p2_ANT27_ERA5_3h.AIS.2km.DD.zarr,81.949708,1038,True
403,t2m,t2m.2004_JFM.BN_RACMO2.3p2_ANT27_ERA5_3h.AIS.2km.DD.zarr,s3://nasa-cryo-scratch/jkingslake/Daily-2km-zarr/t2m/t2m.2004_JFM.BN_RACMO2.3p2_ANT27_ERA5_3h.AIS.2km.DD.zarr,708.25655,33,True
404,precip,precip.2004_AMJ.BN_RACMO2.3p2_ANT27_ERA5_3h.AIS.2km.DD.zarr,s3://nasa-cryo-scratch/jkingslake/Daily-2km-zarr/precip/precip.2004_AMJ.BN_RACMO2.3p2_ANT27_ERA5_3h.AIS.2km.DD.zarr,903.19639,33,True
405,t2m,t2m.2004_AMJ.BN_RACMO2.3p2_ANT27_ERA5_3h.AIS.2km.DD.zarr,s3://nasa-cryo-scratch/jkingslake/Daily-2km-zarr/t2m/t2m.2004_AMJ.BN_RACMO2.3p2_ANT27_ERA5_3h.AIS.2km.DD.zarr,724.101156,33,True
406,ff10m,ff10m.2004_AMJ.BN_RACMO2.3p2_ANT27_ERA5_3h.AIS.2km.DD.zarr,s3://nasa-cryo-scratch/jkingslake/Daily-2km-zarr/ff10m/ff10m.2004_AMJ.BN_RACMO2.3p2_ANT27_ERA5_3h.AIS.2km.DD.zarr,843.644335,32,True
407,snowmelt,snowmelt.2004_AMJ.BN_RACMO2.3p2_ANT27_ERA5_3h.AIS.2km.DD.zarr,s3://nasa-cryo-scratch/jkingslake/Daily-2km-zarr/snowmelt/snowmelt.2004_AMJ.BN_RACMO2.3p2_ANT27_ERA5_3h.AIS.2km.DD.zarr,16.648209,1038,True
408,precip,precip.2004_JAS.BN_RACMO2.3p2_ANT27_ERA5_3h.AIS.2km.DD.zarr,s3://nasa-cryo-scratch/jkingslake/Daily-2km-zarr/precip/precip.2004_JAS.BN_RACMO2.3p2_ANT27_ERA5_3h.AIS.2km.DD.zarr,892.990205,33,True
409,t2m,t2m.2004_JAS.BN_RACMO2.3p2_ANT27_ERA5_3h.AIS.2km.DD.zarr,s3://nasa-cryo-scratch/jkingslake/Daily-2km-zarr/t2m/t2m.2004_JAS.BN_RACMO2.3p2_ANT27_ERA5_3h.AIS.2km.DD.zarr,734.075363,33,True
410,snowmelt,snowmelt.2004_JAS.BN_RACMO2.3p2_ANT27_ERA5_3h.AIS.2km.DD.zarr,s3://nasa-cryo-scratch/jkingslake/Daily-2km-zarr/snowmelt/snowmelt.2004_JAS.BN_RACMO2.3p2_ANT27_ERA5_3h.AIS.2km.DD.zarr,12.507599,1038,True
411,ff10m,ff10m.2004_JAS.BN_RACMO2.3p2_ANT27_ERA5_3h.AIS.2km.DD.zarr,s3://nasa-cryo-scratch/jkingslake/Daily-2km-zarr/ff10m/ff10m.2004_JAS.BN_RACMO2.3p2_ANT27_ERA5_3h.AIS.2km.DD.zarr,902.681627,33,True
412,t2m,t2m.2004_OND.BN_RACMO2.3p2_ANT27_ERA5_3h.AIS.2km.DD.zarr,s3://nasa-cryo-scratch/jkingslake/Daily-2km-zarr/t2m/t2m.2004_OND.BN_RACMO2.3p2_ANT27_ERA5_3h.AIS.2km.DD.zarr,715.57799,33,True
413,snowmelt,snowmelt.2004_OND.BN_RACMO2.3p2_ANT27_ERA5_3h.AIS.2km.DD.zarr,s3://nasa-cryo-scratch/jkingslake/Daily-2km-zarr/snowmelt/snowmelt.2004_OND.BN_RACMO2.3p2_ANT27_ERA5_3h.AIS.2km.DD.zarr,83.619642,1038,True
414,precip,precip.2004_OND.BN_RACMO2.3p2_ANT27_ERA5_3h.AIS.2km.DD.zarr,s3://nasa-cryo-scratch/jkingslake/Daily-2km-zarr/precip/precip.2004_OND.BN_RACMO2.3p2_ANT27_ERA5_3h.AIS.2km.DD.zarr,833.431938,33,True
415,ff10m,ff10m.2004_OND.BN_RACMO2.3p2_ANT27_ERA5_3h.AIS.2km.DD.zarr,s3://nasa-cryo-scratch/jkingslake/Daily-2km-zarr/ff10m/ff10m.2004_OND.BN_RACMO2.3p2_ANT27_ERA5_3h.AIS.2km.DD.zarr,897.752227,33,True
416,snowmelt,snowmelt.2005_JFM.BN_RACMO2.3p2_ANT27_ERA5_3h.AIS.2km.DD.zarr,s3://nasa-cryo-scratch/jkingslake/Daily-2km-zarr/snowmelt/snowmelt.2005_JFM.BN_RACMO2.3p2_ANT27_ERA5_3h.AIS.2km.DD.zarr,91.779356,974,True
417,ff10m,ff10m.2005_JFM.BN_RACMO2.3p2_ANT27_ERA5_3h.AIS.2km.DD.zarr,s3://nasa-cryo-scratch/jkingslake/Daily-2km-zarr/ff10m/ff10m.2005_JFM.BN_RACMO2.3p2_ANT27_ERA5_3h.AIS.2km.DD.zarr,393.713548,22,True
418,precip,precip.2005_JFM.BN_RACMO2.3p2_ANT27_ERA5_3h.AIS.2km.DD.zarr,s3://nasa-cryo-scratch/jkingslake/Daily-2km-zarr/precip/precip.2005_JFM.BN_RACMO2.3p2_ANT27_ERA5_3h.AIS.2km.DD.zarr,871.160681,32,True
419,t2m,t2m.2005_JFM.BN_RACMO2.3p2_ANT27_ERA5_3h.AIS.2km.DD.zarr,s3://nasa-cryo-scratch/jkingslake/Daily-2km-zarr/t2m/t2m.2005_JFM.BN_RACMO2.3p2_ANT27_ERA5_3h.AIS.2km.DD.zarr,701.110408,32,True
420,ff10m,ff10m.2005_AMJ.BN_RACMO2.3p2_ANT27_ERA5_3h.AIS.2km.DD.zarr,s3://nasa-cryo-scratch/jkingslake/Daily-2km-zarr/ff10m/ff10m.2005_AMJ.BN_RACMO2.3p2_ANT27_ERA5_3h.AIS.2km.DD.zarr,892.161025,33,True
421,snowmelt,snowmelt.2005_AMJ.BN_RACMO2.3p2_ANT27_ERA5_3h.AIS.2km.DD.zarr,s3://nasa-cryo-scratch/jkingslake/Daily-2km-zarr/snowmelt/snowmelt.2005_AMJ.BN_RACMO2.3p2_ANT27_ERA5_3h.AIS.2km.DD.zarr,10.755327,1038,True
422,t2m,t2m.2005_AMJ.BN_RACMO2.3p2_ANT27_ERA5_3h.AIS.2km.DD.zarr,s3://nasa-cryo-scratch/jkingslake/Daily-2km-zarr/t2m/t2m.2005_AMJ.BN_RACMO2.3p2_ANT27_ERA5_3h.AIS.2km.DD.zarr,564.946287,29,True
423,precip,precip.2005_AMJ.BN_RACMO2.3p2_ANT27_ERA5_3h.AIS.2km.DD.zarr,s3://nasa-cryo-scratch/jkingslake/Daily-2km-zarr/precip/precip.2005_AMJ.BN_RACMO2.3p2_ANT27_ERA5_3h.AIS.2km.DD.zarr,891.013015,33,True
424,t2m,t2m.2005_JAS.BN_RACMO2.3p2_ANT27_ERA5_3h.AIS.2km.DD.zarr,s3://nasa-cryo-scratch/jkingslake/Daily-2km-zarr/t2m/t2m.2005_JAS.BN_RACMO2.3p2_ANT27_ERA5_3h.AIS.2km.DD.zarr,692.209826,32,True
425,snowmelt,snowmelt.2005_JAS.BN_RACMO2.3p2_ANT27_ERA5_3h.AIS.2km.DD.zarr,s3://nasa-cryo-scratch/jkingslake/Daily-2km-zarr/snowmelt/snowmelt.2005_JAS.BN_RACMO2.3p2_ANT27_ERA5_3h.AIS.2km.DD.zarr,11.176122,1038,True
426,ff10m,ff10m.2005_JAS.BN_RACMO2.3p2_ANT27_ERA5_3h.AIS.2km.DD.zarr,s3://nasa-cryo-scratch/jkingslake/Daily-2km-zarr/ff10m/ff10m.2005_JAS.BN_RACMO2.3p2_ANT27_ERA5_3h.AIS.2km.DD.zarr,460.713027,24,True
427,precip,precip.2005_JAS.BN_RACMO2.3p2_ANT27_ERA5_3h.AIS.2km.DD.zarr,s3://nasa-cryo-scratch/jkingslake/Daily-2km-zarr/precip/precip.2005_JAS.BN_RACMO2.3p2_ANT27_ERA5_3h.AIS.2km.DD.zarr,901.384345,33,True
428,precip,precip.2005_OND.BN_RACMO2.3p2_ANT27_ERA5_3h.AIS.2km.DD.zarr,s3://nasa-cryo-scratch/jkingslake/Daily-2km-zarr/precip/precip.2005_OND.BN_RACMO2.3p2_ANT27_ERA5_3h.AIS.2km.DD.zarr,848.833823,33,True
429,snowmelt,snowmelt.2005_OND.BN_RACMO2.3p2_ANT27_ERA5_3h.AIS.2km.DD.zarr,s3://nasa-cryo-scratch/jkingslake/Daily-2km-zarr/snowmelt/snowmelt.2005_OND.BN_RACMO2.3p2_ANT27_ERA5_3h.AIS.2km.DD.zarr,95.560696,1038,True
430,t2m,t2m.2005_OND.BN_RACMO2.3p2_ANT27_ERA5_3h.AIS.2km.DD.zarr,s3://nasa-cryo-scratch/jkingslake/Daily-2km-zarr/t2m/t2m.2005_OND.BN_RACMO2.3p2_ANT27_ERA5_3h.AIS.2km.DD.zarr,714.000985,33,True
431,ff10m,ff10m.2005_OND.BN_RACMO2.3p2_ANT27_ERA5_3h.AIS.2km.DD.zarr,s3://nasa-cryo-scratch/jkingslake/Daily-2km-zarr/ff10m/ff10m.2005_OND.BN_RACMO2.3p2_ANT27_ERA5_3h.AIS.2km.DD.zarr,899.038333,33,True
432,ff10m,ff10m.2006_JFM.BN_RACMO2.3p2_ANT27_ERA5_3h.AIS.2km.DD.zarr,s3://nasa-cryo-scratch/jkingslake/Daily-2km-zarr/ff10m/ff10m.2006_JFM.BN_RACMO2.3p2_ANT27_ERA5_3h.AIS.2km.DD.zarr,591.09184,26,True
433,t2m,t2m.2006_JFM.BN_RACMO2.3p2_ANT27_ERA5_3h.AIS.2km.DD.zarr,s3://nasa-cryo-scratch/jkingslake/Daily-2km-zarr/t2m/t2m.2006_JFM.BN_RACMO2.3p2_ANT27_ERA5_3h.AIS.2km.DD.zarr,701.29329,32,True
434,snowmelt,snowmelt.2006_JFM.BN_RACMO2.3p2_ANT27_ERA5_3h.AIS.2km.DD.zarr,s3://nasa-cryo-scratch/jkingslake/Daily-2km-zarr/snowmelt/snowmelt.2006_JFM.BN_RACMO2.3p2_ANT27_ERA5_3h.AIS.2km.DD.zarr,85.876507,974,True
435,precip,precip.2006_JFM.BN_RACMO2.3p2_ANT27_ERA5_3h.AIS.2km.DD.zarr,s3://nasa-cryo-scratch/jkingslake/Daily-2km-zarr/precip/precip.2006_JFM.BN_RACMO2.3p2_ANT27_ERA5_3h.AIS.2km.DD.zarr,854.445345,32,True
436,precip,precip.2006_AMJ.BN_RACMO2.3p2_ANT27_ERA5_3h.AIS.2km.DD.zarr,s3://nasa-cryo-scratch/jkingslake/Daily-2km-zarr/precip/precip.2006_AMJ.BN_RACMO2.3p2_ANT27_ERA5_3h.AIS.2km.DD.zarr,906.654477,33,True
437,ff10m,ff10m.2006_AMJ.BN_RACMO2.3p2_ANT27_ERA5_3h.AIS.2km.DD.zarr,s3://nasa-cryo-scratch/jkingslake/Daily-2km-zarr/ff10m/ff10m.2006_AMJ.BN_RACMO2.3p2_ANT27_ERA5_3h.AIS.2km.DD.zarr,892.036299,33,True
438,t2m,t2m.2006_AMJ.BN_RACMO2.3p2_ANT27_ERA5_3h.AIS.2km.DD.zarr,s3://nasa-cryo-scratch/jkingslake/Daily-2km-zarr/t2m/t2m.2006_AMJ.BN_RACMO2.3p2_ANT27_ERA5_3h.AIS.2km.DD.zarr,724.59809,33,True
439,snowmelt,snowmelt.2006_AMJ.BN_RACMO2.3p2_ANT27_ERA5_3h.AIS.2km.DD.zarr,s3://nasa-cryo-scratch/jkingslake/Daily-2km-zarr/snowmelt/snowmelt.2006_AMJ.BN_RACMO2.3p2_ANT27_ERA5_3h.AIS.2km.DD.zarr,19.056909,1038,True
440,snowmelt,snowmelt.2006_JAS.BN_RACMO2.3p2_ANT27_ERA5_3h.AIS.2km.DD.zarr,s3://nasa-cryo-scratch/jkingslake/Daily-2km-zarr/snowmelt/snowmelt.2006_JAS.BN_RACMO2.3p2_ANT27_ERA5_3h.AIS.2km.DD.zarr,10.361834,1038,True
441,ff10m,ff10m.2006_JAS.BN_RACMO2.3p2_ANT27_ERA5_3h.AIS.2km.DD.zarr,s3://nasa-cryo-scratch/jkingslake/Daily-2km-zarr/ff10m/ff10m.2006_JAS.BN_RACMO2.3p2_ANT27_ERA5_3h.AIS.2km.DD.zarr,902.143892,33,True
442,t2m,t2m.2006_JAS.BN_RACMO2.3p2_ANT27_ERA5_3h.AIS.2km.DD.zarr,s3://nasa-cryo-scratch/jkingslake/Daily-2km-zarr/t2m/t2m.2006_JAS.BN_RACMO2.3p2_ANT27_ERA5_3h.AIS.2km.DD.zarr,734.251117,33,True
443,precip,precip.2006_JAS.BN_RACMO2.3p2_ANT27_ERA5_3h.AIS.2km.DD.zarr,s3://nasa-cryo-scratch/jkingslake/Daily-2km-zarr/precip/precip.2006_JAS.BN_RACMO2.3p2_ANT27_ERA5_3h.AIS.2km.DD.zarr,897.19836,33,True
444,snowmelt,snowmelt.2006_OND.BN_RACMO2.3p2_ANT27_ERA5_3h.AIS.2km.DD.zarr,s3://nasa-cryo-scratch/jkingslake/Daily-2km-zarr/snowmelt/snowmelt.2006_OND.BN_RACMO2.3p2_ANT27_ERA5_3h.AIS.2km.DD.zarr,75.084541,1038,True
445,t2m,t2m.2006_OND.BN_RACMO2.3p2_ANT27_ERA5_3h.AIS.2km.DD.zarr,s3://nasa-cryo-scratch/jkingslake/Daily-2km-zarr/t2m/t2m.2006_OND.BN_RACMO2.3p2_ANT27_ERA5_3h.AIS.2km.DD.zarr,715.74737,33,True
446,ff10m,ff10m.2006_OND.BN_RACMO2.3p2_ANT27_ERA5_3h.AIS.2km.DD.zarr,s3://nasa-cryo-scratch/jkingslake/Daily-2km-zarr/ff10m/ff10m.2006_OND.BN_RACMO2.3p2_ANT27_ERA5_3h.AIS.2km.DD.zarr,804.691062,31,True
447,precip,precip.2006_OND.BN_RACMO2.3p2_ANT27_ERA5_3h.AIS.2km.DD.zarr,s3://nasa-cryo-scratch/jkingslake/Daily-2km-zarr/precip/precip.2006_OND.BN_RACMO2.3p2_ANT27_ERA5_3h.AIS.2km.DD.zarr,766.199501,31,True
448,t2m,t2m.2007_JFM.BN_RACMO2.3p2_ANT27_ERA5_3h.AIS.2km.DD.zarr,s3://nasa-cryo-scratch/jkingslake/Daily-2km-zarr/t2m/t2m.2007_JFM.BN_RACMO2.3p2_ANT27_ERA5_3h.AIS.2km.DD.zarr,701.093733,32,True
449,ff10m,ff10m.2007_JFM.BN_RACMO2.3p2_ANT27_ERA5_3h.AIS.2km.DD.zarr,s3://nasa-cryo-scratch/jkingslake/Daily-2km-zarr/ff10m/ff10m.2007_JFM.BN_RACMO2.3p2_ANT27_ERA5_3h.AIS.2km.DD.zarr,883.969005,32,True
450,snowmelt,snowmelt.2007_JFM.BN_RACMO2.3p2_ANT27_ERA5_3h.AIS.2km.DD.zarr,s3://nasa-cryo-scratch/jkingslake/Daily-2km-zarr/snowmelt/snowmelt.2007_JFM.BN_RACMO2.3p2_ANT27_ERA5_3h.AIS.2km.DD.zarr,74.395563,974,True
451,precip,precip.2007_JFM.BN_RACMO2.3p2_ANT27_ERA5_3h.AIS.2km.DD.zarr,s3://nasa-cryo-scratch/jkingslake/Daily-2km-zarr/precip/precip.2007_JFM.BN_RACMO2.3p2_ANT27_ERA5_3h.AIS.2km.DD.zarr,850.82824,32,True
452,precip,precip.2007_AMJ.BN_RACMO2.3p2_ANT27_ERA5_3h.AIS.2km.DD.zarr,s3://nasa-cryo-scratch/jkingslake/Daily-2km-zarr/precip/precip.2007_AMJ.BN_RACMO2.3p2_ANT27_ERA5_3h.AIS.2km.DD.zarr,895.245885,33,True
453,snowmelt,snowmelt.2007_AMJ.BN_RACMO2.3p2_ANT27_ERA5_3h.AIS.2km.DD.zarr,s3://nasa-cryo-scratch/jkingslake/Daily-2km-zarr/snowmelt/snowmelt.2007_AMJ.BN_RACMO2.3p2_ANT27_ERA5_3h.AIS.2km.DD.zarr,12.025748,1038,True
454,t2m,t2m.2007_AMJ.BN_RACMO2.3p2_ANT27_ERA5_3h.AIS.2km.DD.zarr,s3://nasa-cryo-scratch/jkingslake/Daily-2km-zarr/t2m/t2m.2007_AMJ.BN_RACMO2.3p2_ANT27_ERA5_3h.AIS.2km.DD.zarr,683.751073,32,True
455,ff10m,ff10m.2007_AMJ.BN_RACMO2.3p2_ANT27_ERA5_3h.AIS.2km.DD.zarr,s3://nasa-cryo-scratch/jkingslake/Daily-2km-zarr/ff10m/ff10m.2007_AMJ.BN_RACMO2.3p2_ANT27_ERA5_3h.AIS.2km.DD.zarr,742.974925,30,True
456,snowmelt,snowmelt.2007_JAS.BN_RACMO2.3p2_ANT27_ERA5_3h.AIS.2km.DD.zarr,s3://nasa-cryo-scratch/jkingslake/Daily-2km-zarr/snowmelt/snowmelt.2007_JAS.BN_RACMO2.3p2_ANT27_ERA5_3h.AIS.2km.DD.zarr,10.362507,1038,True
457,t2m,t2m.2007_JAS.BN_RACMO2.3p2_ANT27_ERA5_3h.AIS.2km.DD.zarr,s3://nasa-cryo-scratch/jkingslake/Daily-2km-zarr/t2m/t2m.2007_JAS.BN_RACMO2.3p2_ANT27_ERA5_3h.AIS.2km.DD.zarr,733.643327,33,True
458,ff10m,ff10m.2007_JAS.BN_RACMO2.3p2_ANT27_ERA5_3h.AIS.2km.DD.zarr,s3://nasa-cryo-scratch/jkingslake/Daily-2km-zarr/ff10m/ff10m.2007_JAS.BN_RACMO2.3p2_ANT27_ERA5_3h.AIS.2km.DD.zarr,901.489776,33,True
459,precip,precip.2007_JAS.BN_RACMO2.3p2_ANT27_ERA5_3h.AIS.2km.DD.zarr,s3://nasa-cryo-scratch/jkingslake/Daily-2km-zarr/precip/precip.2007_JAS.BN_RACMO2.3p2_ANT27_ERA5_3h.AIS.2km.DD.zarr,889.399584,33,True
460,t2m,t2m.2007_OND.BN_RACMO2.3p2_ANT27_ERA5_3h.AIS.2km.DD.zarr,s3://nasa-cryo-scratch/jkingslake/Daily-2km-zarr/t2m/t2m.2007_OND.BN_RACMO2.3p2_ANT27_ERA5_3h.AIS.2km.DD.zarr,715.617906,33,True
461,precip,precip.2007_OND.BN_RACMO2.3p2_ANT27_ERA5_3h.AIS.2km.DD.zarr,s3://nasa-cryo-scratch/jkingslake/Daily-2km-zarr/precip/precip.2007_OND.BN_RACMO2.3p2_ANT27_ERA5_3h.AIS.2km.DD.zarr,864.431067,33,True
462,snowmelt,snowmelt.2007_OND.BN_RACMO2.3p2_ANT27_ERA5_3h.AIS.2km.DD.zarr,s3://nasa-cryo-scratch/jkingslake/Daily-2km-zarr/snowmelt/snowmelt.2007_OND.BN_RACMO2.3p2_ANT27_ERA5_3h.AIS.2km.DD.zarr,64.31272,1038,True
463,ff10m,ff10m.2007_OND.BN_RACMO2.3p2_ANT27_ERA5_3h.AIS.2km.DD.zarr,s3://nasa-cryo-scratch/jkingslake/Daily-2km-zarr/ff10m/ff10m.2007_OND.BN_RACMO2.3p2_ANT27_ERA5_3h.AIS.2km.DD.zarr,899.805485,33,True
464,precip,precip.2008_JFM.BN_RACMO2.3p2_ANT27_ERA5_3h.AIS.2km.DD.zarr,s3://nasa-cryo-scratch/jkingslake/Daily-2km-zarr/precip/precip.2008_JFM.BN_RACMO2.3p2_ANT27_ERA5_3h.AIS.2km.DD.zarr,876.956787,33,True
465,t2m,t2m.2008_JFM.BN_RACMO2.3p2_ANT27_ERA5_3h.AIS.2km.DD.zarr,s3://nasa-cryo-scratch/jkingslake/Daily-2km-zarr/t2m/t2m.2008_JFM.BN_RACMO2.3p2_ANT27_ERA5_3h.AIS.2km.DD.zarr,710.171815,33,True
466,ff10m,ff10m.2008_JFM.BN_RACMO2.3p2_ANT27_ERA5_3h.AIS.2km.DD.zarr,s3://nasa-cryo-scratch/jkingslake/Daily-2km-zarr/ff10m/ff10m.2008_JFM.BN_RACMO2.3p2_ANT27_ERA5_3h.AIS.2km.DD.zarr,894.237426,33,True
467,snowmelt,snowmelt.2008_JFM.BN_RACMO2.3p2_ANT27_ERA5_3h.AIS.2km.DD.zarr,s3://nasa-cryo-scratch/jkingslake/Daily-2km-zarr/snowmelt/snowmelt.2008_JFM.BN_RACMO2.3p2_ANT27_ERA5_3h.AIS.2km.DD.zarr,82.880791,1038,True
468,ff10m,ff10m.2008_AMJ.BN_RACMO2.3p2_ANT27_ERA5_3h.AIS.2km.DD.zarr,s3://nasa-cryo-scratch/jkingslake/Daily-2km-zarr/ff10m/ff10m.2008_AMJ.BN_RACMO2.3p2_ANT27_ERA5_3h.AIS.2km.DD.zarr,502.985509,25,True
469,precip,precip.2008_AMJ.BN_RACMO2.3p2_ANT27_ERA5_3h.AIS.2km.DD.zarr,s3://nasa-cryo-scratch/jkingslake/Daily-2km-zarr/precip/precip.2008_AMJ.BN_RACMO2.3p2_ANT27_ERA5_3h.AIS.2km.DD.zarr,898.178166,33,True
470,snowmelt,snowmelt.2008_AMJ.BN_RACMO2.3p2_ANT27_ERA5_3h.AIS.2km.DD.zarr,s3://nasa-cryo-scratch/jkingslake/Daily-2km-zarr/snowmelt/snowmelt.2008_AMJ.BN_RACMO2.3p2_ANT27_ERA5_3h.AIS.2km.DD.zarr,10.62171,1038,True
471,t2m,t2m.2008_AMJ.BN_RACMO2.3p2_ANT27_ERA5_3h.AIS.2km.DD.zarr,s3://nasa-cryo-scratch/jkingslake/Daily-2km-zarr/t2m/t2m.2008_AMJ.BN_RACMO2.3p2_ANT27_ERA5_3h.AIS.2km.DD.zarr,725.297209,33,True
472,snowmelt,snowmelt.2008_JAS.BN_RACMO2.3p2_ANT27_ERA5_3h.AIS.2km.DD.zarr,s3://nasa-cryo-scratch/jkingslake/Daily-2km-zarr/snowmelt/snowmelt.2008_JAS.BN_RACMO2.3p2_ANT27_ERA5_3h.AIS.2km.DD.zarr,15.331245,1038,True
473,t2m,t2m.2008_JAS.BN_RACMO2.3p2_ANT27_ERA5_3h.AIS.2km.DD.zarr,s3://nasa-cryo-scratch/jkingslake/Daily-2km-zarr/t2m/t2m.2008_JAS.BN_RACMO2.3p2_ANT27_ERA5_3h.AIS.2km.DD.zarr,733.431981,33,True
474,precip,precip.2008_JAS.BN_RACMO2.3p2_ANT27_ERA5_3h.AIS.2km.DD.zarr,s3://nasa-cryo-scratch/jkingslake/Daily-2km-zarr/precip/precip.2008_JAS.BN_RACMO2.3p2_ANT27_ERA5_3h.AIS.2km.DD.zarr,896.957452,33,True
475,ff10m,ff10m.2008_JAS.BN_RACMO2.3p2_ANT27_ERA5_3h.AIS.2km.DD.zarr,s3://nasa-cryo-scratch/jkingslake/Daily-2km-zarr/ff10m/ff10m.2008_JAS.BN_RACMO2.3p2_ANT27_ERA5_3h.AIS.2km.DD.zarr,901.637924,33,True
476,snowmelt,snowmelt.2008_OND.BN_RACMO2.3p2_ANT27_ERA5_3h.AIS.2km.DD.zarr,s3://nasa-cryo-scratch/jkingslake/Daily-2km-zarr/snowmelt/snowmelt.2008_OND.BN_RACMO2.3p2_ANT27_ERA5_3h.AIS.2km.DD.zarr,70.014121,1038,True
477,precip,precip.2008_OND.BN_RACMO2.3p2_ANT27_ERA5_3h.AIS.2km.DD.zarr,s3://nasa-cryo-scratch/jkingslake/Daily-2km-zarr/precip/precip.2008_OND.BN_RACMO2.3p2_ANT27_ERA5_3h.AIS.2km.DD.zarr,840.174547,33,True
478,t2m,t2m.2008_OND.BN_RACMO2.3p2_ANT27_ERA5_3h.AIS.2km.DD.zarr,s3://nasa-cryo-scratch/jkingslake/Daily-2km-zarr/t2m/t2m.2008_OND.BN_RACMO2.3p2_ANT27_ERA5_3h.AIS.2km.DD.zarr,716.155982,33,True
479,ff10m,ff10m.2008_OND.BN_RACMO2.3p2_ANT27_ERA5_3h.AIS.2km.DD.zarr,s3://nasa-cryo-scratch/jkingslake/Daily-2km-zarr/ff10m/ff10m.2008_OND.BN_RACMO2.3p2_ANT27_ERA5_3h.AIS.2km.DD.zarr,899.268723,33,True
480,t2m,t2m.2009_JFM.BN_RACMO2.3p2_ANT27_ERA5_3h.AIS.2km.DD.zarr,s3://nasa-cryo-scratch/jkingslake/Daily-2km-zarr/t2m/t2m.2009_JFM.BN_RACMO2.3p2_ANT27_ERA5_3h.AIS.2km.DD.zarr,701.240807,32,True
481,precip,precip.2009_JFM.BN_RACMO2.3p2_ANT27_ERA5_3h.AIS.2km.DD.zarr,s3://nasa-cryo-scratch/jkingslake/Daily-2km-zarr/precip/precip.2009_JFM.BN_RACMO2.3p2_ANT27_ERA5_3h.AIS.2km.DD.zarr,874.34089,32,True
482,ff10m,ff10m.2009_JFM.BN_RACMO2.3p2_ANT27_ERA5_3h.AIS.2km.DD.zarr,s3://nasa-cryo-scratch/jkingslake/Daily-2km-zarr/ff10m/ff10m.2009_JFM.BN_RACMO2.3p2_ANT27_ERA5_3h.AIS.2km.DD.zarr,590.181955,26,True
483,snowmelt,snowmelt.2009_JFM.BN_RACMO2.3p2_ANT27_ERA5_3h.AIS.2km.DD.zarr,s3://nasa-cryo-scratch/jkingslake/Daily-2km-zarr/snowmelt/snowmelt.2009_JFM.BN_RACMO2.3p2_ANT27_ERA5_3h.AIS.2km.DD.zarr,76.684112,974,True
484,snowmelt,snowmelt.2009_AMJ.BN_RACMO2.3p2_ANT27_ERA5_3h.AIS.2km.DD.zarr,s3://nasa-cryo-scratch/jkingslake/Daily-2km-zarr/snowmelt/snowmelt.2009_AMJ.BN_RACMO2.3p2_ANT27_ERA5_3h.AIS.2km.DD.zarr,10.56167,1038,True
485,precip,precip.2009_AMJ.BN_RACMO2.3p2_ANT27_ERA5_3h.AIS.2km.DD.zarr,s3://nasa-cryo-scratch/jkingslake/Daily-2km-zarr/precip/precip.2009_AMJ.BN_RACMO2.3p2_ANT27_ERA5_3h.AIS.2km.DD.zarr,905.220395,33,True
486,t2m,t2m.2009_AMJ.BN_RACMO2.3p2_ANT27_ERA5_3h.AIS.2km.DD.zarr,s3://nasa-cryo-scratch/jkingslake/Daily-2km-zarr/t2m/t2m.2009_AMJ.BN_RACMO2.3p2_ANT27_ERA5_3h.AIS.2km.DD.zarr,723.942342,33,True
487,ff10m,ff10m.2009_AMJ.BN_RACMO2.3p2_ANT27_ERA5_3h.AIS.2km.DD.zarr,s3://nasa-cryo-scratch/jkingslake/Daily-2km-zarr/ff10m/ff10m.2009_AMJ.BN_RACMO2.3p2_ANT27_ERA5_3h.AIS.2km.DD.zarr,891.15453,33,True
488,t2m,t2m.2009_JAS.BN_RACMO2.3p2_ANT27_ERA5_3h.AIS.2km.DD.zarr,s3://nasa-cryo-scratch/jkingslake/Daily-2km-zarr/t2m/t2m.2009_JAS.BN_RACMO2.3p2_ANT27_ERA5_3h.AIS.2km.DD.zarr,733.109098,33,True
489,snowmelt,snowmelt.2009_JAS.BN_RACMO2.3p2_ANT27_ERA5_3h.AIS.2km.DD.zarr,s3://nasa-cryo-scratch/jkingslake/Daily-2km-zarr/snowmelt/snowmelt.2009_JAS.BN_RACMO2.3p2_ANT27_ERA5_3h.AIS.2km.DD.zarr,10.584922,1038,True
490,ff10m,ff10m.2009_JAS.BN_RACMO2.3p2_ANT27_ERA5_3h.AIS.2km.DD.zarr,s3://nasa-cryo-scratch/jkingslake/Daily-2km-zarr/ff10m/ff10m.2009_JAS.BN_RACMO2.3p2_ANT27_ERA5_3h.AIS.2km.DD.zarr,412.342515,23,True
491,precip,precip.2009_JAS.BN_RACMO2.3p2_ANT27_ERA5_3h.AIS.2km.DD.zarr,s3://nasa-cryo-scratch/jkingslake/Daily-2km-zarr/precip/precip.2009_JAS.BN_RACMO2.3p2_ANT27_ERA5_3h.AIS.2km.DD.zarr,896.060212,33,True
492,precip,precip.2009_OND.BN_RACMO2.3p2_ANT27_ERA5_3h.AIS.2km.DD.zarr,s3://nasa-cryo-scratch/jkingslake/Daily-2km-zarr/precip/precip.2009_OND.BN_RACMO2.3p2_ANT27_ERA5_3h.AIS.2km.DD.zarr,858.966333,33,True
493,snowmelt,snowmelt.2009_OND.BN_RACMO2.3p2_ANT27_ERA5_3h.AIS.2km.DD.zarr,s3://nasa-cryo-scratch/jkingslake/Daily-2km-zarr/snowmelt/snowmelt.2009_OND.BN_RACMO2.3p2_ANT27_ERA5_3h.AIS.2km.DD.zarr,68.809853,1038,True
494,ff10m,ff10m.2009_OND.BN_RACMO2.3p2_ANT27_ERA5_3h.AIS.2km.DD.zarr,s3://nasa-cryo-scratch/jkingslake/Daily-2km-zarr/ff10m/ff10m.2009_OND.BN_RACMO2.3p2_ANT27_ERA5_3h.AIS.2km.DD.zarr,901.931451,33,True
495,t2m,t2m.2009_OND.BN_RACMO2.3p2_ANT27_ERA5_3h.AIS.2km.DD.zarr,s3://nasa-cryo-scratch/jkingslake/Daily-2km-zarr/t2m/t2m.2009_OND.BN_RACMO2.3p2_ANT27_ERA5_3h.AIS.2km.DD.zarr,715.088821,33,True
496,t2m,t2m.2010_JFM.BN_RACMO2.3p2_ANT27_ERA5_3h.AIS.2km.DD.zarr,s3://nasa-cryo-scratch/jkingslake/Daily-2km-zarr/t2m/t2m.2010_JFM.BN_RACMO2.3p2_ANT27_ERA5_3h.AIS.2km.DD.zarr,700.431871,32,True
497,ff10m,ff10m.2010_JFM.BN_RACMO2.3p2_ANT27_ERA5_3h.AIS.2km.DD.zarr,s3://nasa-cryo-scratch/jkingslake/Daily-2km-zarr/ff10m/ff10m.2010_JFM.BN_RACMO2.3p2_ANT27_ERA5_3h.AIS.2km.DD.zarr,884.431542,32,True
498,snowmelt,snowmelt.2010_JFM.BN_RACMO2.3p2_ANT27_ERA5_3h.AIS.2km.DD.zarr,s3://nasa-cryo-scratch/jkingslake/Daily-2km-zarr/snowmelt/snowmelt.2010_JFM.BN_RACMO2.3p2_ANT27_ERA5_3h.AIS.2km.DD.zarr,81.687368,974,True
499,precip,precip.2010_JFM.BN_RACMO2.3p2_ANT27_ERA5_3h.AIS.2km.DD.zarr,s3://nasa-cryo-scratch/jkingslake/Daily-2km-zarr/precip/precip.2010_JFM.BN_RACMO2.3p2_ANT27_ERA5_3h.AIS.2km.DD.zarr,845.612044,32,True
500,snowmelt,snowmelt.2010_AMJ.BN_RACMO2.3p2_ANT27_ERA5_3h.AIS.2km.DD.zarr,s3://nasa-cryo-scratch/jkingslake/Daily-2km-zarr/snowmelt/snowmelt.2010_AMJ.BN_RACMO2.3p2_ANT27_ERA5_3h.AIS.2km.DD.zarr,10.60956,1038,True
501,precip,precip.2010_AMJ.BN_RACMO2.3p2_ANT27_ERA5_3h.AIS.2km.DD.zarr,s3://nasa-cryo-scratch/jkingslake/Daily-2km-zarr/precip/precip.2010_AMJ.BN_RACMO2.3p2_ANT27_ERA5_3h.AIS.2km.DD.zarr,895.903078,33,True
502,ff10m,ff10m.2010_AMJ.BN_RACMO2.3p2_ANT27_ERA5_3h.AIS.2km.DD.zarr,s3://nasa-cryo-scratch/jkingslake/Daily-2km-zarr/ff10m/ff10m.2010_AMJ.BN_RACMO2.3p2_ANT27_ERA5_3h.AIS.2km.DD.zarr,697.988233,29,True
503,t2m,t2m.2010_AMJ.BN_RACMO2.3p2_ANT27_ERA5_3h.AIS.2km.DD.zarr,s3://nasa-cryo-scratch/jkingslake/Daily-2km-zarr/t2m/t2m.2010_AMJ.BN_RACMO2.3p2_ANT27_ERA5_3h.AIS.2km.DD.zarr,726.149309,33,True
504,t2m,t2m.2010_JAS.BN_RACMO2.3p2_ANT27_ERA5_3h.AIS.2km.DD.zarr,s3://nasa-cryo-scratch/jkingslake/Daily-2km-zarr/t2m/t2m.2010_JAS.BN_RACMO2.3p2_ANT27_ERA5_3h.AIS.2km.DD.zarr,734.45692,33,True
505,ff10m,ff10m.2010_JAS.BN_RACMO2.3p2_ANT27_ERA5_3h.AIS.2km.DD.zarr,s3://nasa-cryo-scratch/jkingslake/Daily-2km-zarr/ff10m/ff10m.2010_JAS.BN_RACMO2.3p2_ANT27_ERA5_3h.AIS.2km.DD.zarr,903.090257,33,True
506,snowmelt,snowmelt.2010_JAS.BN_RACMO2.3p2_ANT27_ERA5_3h.AIS.2km.DD.zarr,s3://nasa-cryo-scratch/jkingslake/Daily-2km-zarr/snowmelt/snowmelt.2010_JAS.BN_RACMO2.3p2_ANT27_ERA5_3h.AIS.2km.DD.zarr,12.040391,1038,True
507,precip,precip.2010_JAS.BN_RACMO2.3p2_ANT27_ERA5_3h.AIS.2km.DD.zarr,s3://nasa-cryo-scratch/jkingslake/Daily-2km-zarr/precip/precip.2010_JAS.BN_RACMO2.3p2_ANT27_ERA5_3h.AIS.2km.DD.zarr,895.508634,33,True
508,ff10m,ff10m.2010_OND.BN_RACMO2.3p2_ANT27_ERA5_3h.AIS.2km.DD.zarr,s3://nasa-cryo-scratch/jkingslake/Daily-2km-zarr/ff10m/ff10m.2010_OND.BN_RACMO2.3p2_ANT27_ERA5_3h.AIS.2km.DD.zarr,901.196962,33,True
509,snowmelt,snowmelt.2010_OND.BN_RACMO2.3p2_ANT27_ERA5_3h.AIS.2km.DD.zarr,s3://nasa-cryo-scratch/jkingslake/Daily-2km-zarr/snowmelt/snowmelt.2010_OND.BN_RACMO2.3p2_ANT27_ERA5_3h.AIS.2km.DD.zarr,74.829015,1038,True
510,t2m,t2m.2010_OND.BN_RACMO2.3p2_ANT27_ERA5_3h.AIS.2km.DD.zarr,s3://nasa-cryo-scratch/jkingslake/Daily-2km-zarr/t2m/t2m.2010_OND.BN_RACMO2.3p2_ANT27_ERA5_3h.AIS.2km.DD.zarr,716.690097,33,True
511,precip,precip.2010_OND.BN_RACMO2.3p2_ANT27_ERA5_3h.AIS.2km.DD.zarr,s3://nasa-cryo-scratch/jkingslake/Daily-2km-zarr/precip/precip.2010_OND.BN_RACMO2.3p2_ANT27_ERA5_3h.AIS.2km.DD.zarr,872.451156,33,True
512,snowmelt,snowmelt.2011_JFM.BN_RACMO2.3p2_ANT27_ERA5_3h.AIS.2km.DD.zarr,s3://nasa-cryo-scratch/jkingslake/Daily-2km-zarr/snowmelt/snowmelt.2011_JFM.BN_RACMO2.3p2_ANT27_ERA5_3h.AIS.2km.DD.zarr,66.053971,974,True
513,ff10m,ff10m.2011_JFM.BN_RACMO2.3p2_ANT27_ERA5_3h.AIS.2km.DD.zarr,s3://nasa-cryo-scratch/jkingslake/Daily-2km-zarr/ff10m/ff10m.2011_JFM.BN_RACMO2.3p2_ANT27_ERA5_3h.AIS.2km.DD.zarr,883.989181,32,True
514,t2m,t2m.2011_JFM.BN_RACMO2.3p2_ANT27_ERA5_3h.AIS.2km.DD.zarr,s3://nasa-cryo-scratch/jkingslake/Daily-2km-zarr/t2m/t2m.2011_JFM.BN_RACMO2.3p2_ANT27_ERA5_3h.AIS.2km.DD.zarr,700.258684,32,True
515,precip,precip.2011_JFM.BN_RACMO2.3p2_ANT27_ERA5_3h.AIS.2km.DD.zarr,s3://nasa-cryo-scratch/jkingslake/Daily-2km-zarr/precip/precip.2011_JFM.BN_RACMO2.3p2_ANT27_ERA5_3h.AIS.2km.DD.zarr,856.046682,32,True
516,precip,precip.2011_AMJ.BN_RACMO2.3p2_ANT27_ERA5_3h.AIS.2km.DD.zarr,s3://nasa-cryo-scratch/jkingslake/Daily-2km-zarr/precip/precip.2011_AMJ.BN_RACMO2.3p2_ANT27_ERA5_3h.AIS.2km.DD.zarr,908.834085,33,True
517,ff10m,ff10m.2011_AMJ.BN_RACMO2.3p2_ANT27_ERA5_3h.AIS.2km.DD.zarr,s3://nasa-cryo-scratch/jkingslake/Daily-2km-zarr/ff10m/ff10m.2011_AMJ.BN_RACMO2.3p2_ANT27_ERA5_3h.AIS.2km.DD.zarr,894.840931,33,True
518,t2m,t2m.2011_AMJ.BN_RACMO2.3p2_ANT27_ERA5_3h.AIS.2km.DD.zarr,s3://nasa-cryo-scratch/jkingslake/Daily-2km-zarr/t2m/t2m.2011_AMJ.BN_RACMO2.3p2_ANT27_ERA5_3h.AIS.2km.DD.zarr,724.626577,33,True
519,snowmelt,snowmelt.2011_AMJ.BN_RACMO2.3p2_ANT27_ERA5_3h.AIS.2km.DD.zarr,s3://nasa-cryo-scratch/jkingslake/Daily-2km-zarr/snowmelt/snowmelt.2011_AMJ.BN_RACMO2.3p2_ANT27_ERA5_3h.AIS.2km.DD.zarr,12.126896,1038,True
520,snowmelt,snowmelt.2011_JAS.BN_RACMO2.3p2_ANT27_ERA5_3h.AIS.2km.DD.zarr,s3://nasa-cryo-scratch/jkingslake/Daily-2km-zarr/snowmelt/snowmelt.2011_JAS.BN_RACMO2.3p2_ANT27_ERA5_3h.AIS.2km.DD.zarr,10.544712,1038,True
521,precip,precip.2011_JAS.BN_RACMO2.3p2_ANT27_ERA5_3h.AIS.2km.DD.zarr,s3://nasa-cryo-scratch/jkingslake/Daily-2km-zarr/precip/precip.2011_JAS.BN_RACMO2.3p2_ANT27_ERA5_3h.AIS.2km.DD.zarr,900.663302,33,True
522,ff10m,ff10m.2011_JAS.BN_RACMO2.3p2_ANT27_ERA5_3h.AIS.2km.DD.zarr,s3://nasa-cryo-scratch/jkingslake/Daily-2km-zarr/ff10m/ff10m.2011_JAS.BN_RACMO2.3p2_ANT27_ERA5_3h.AIS.2km.DD.zarr,361.494724,22,True
523,t2m,t2m.2011_JAS.BN_RACMO2.3p2_ANT27_ERA5_3h.AIS.2km.DD.zarr,s3://nasa-cryo-scratch/jkingslake/Daily-2km-zarr/t2m/t2m.2011_JAS.BN_RACMO2.3p2_ANT27_ERA5_3h.AIS.2km.DD.zarr,731.770967,33,True
524,snowmelt,snowmelt.2011_OND.BN_RACMO2.3p2_ANT27_ERA5_3h.AIS.2km.DD.zarr,s3://nasa-cryo-scratch/jkingslake/Daily-2km-zarr/snowmelt/snowmelt.2011_OND.BN_RACMO2.3p2_ANT27_ERA5_3h.AIS.2km.DD.zarr,71.879074,1038,True
525,t2m,t2m.2011_OND.BN_RACMO2.3p2_ANT27_ERA5_3h.AIS.2km.DD.zarr,s3://nasa-cryo-scratch/jkingslake/Daily-2km-zarr/t2m/t2m.2011_OND.BN_RACMO2.3p2_ANT27_ERA5_3h.AIS.2km.DD.zarr,715.252376,33,True
526,precip,precip.2011_OND.BN_RACMO2.3p2_ANT27_ERA5_3h.AIS.2km.DD.zarr,s3://nasa-cryo-scratch/jkingslake/Daily-2km-zarr/precip/precip.2011_OND.BN_RACMO2.3p2_ANT27_ERA5_3h.AIS.2km.DD.zarr,825.438814,33,True
527,ff10m,ff10m.2011_OND.BN_RACMO2.3p2_ANT27_ERA5_3h.AIS.2km.DD.zarr,s3://nasa-cryo-scratch/jkingslake/Daily-2km-zarr/ff10m/ff10m.2011_OND.BN_RACMO2.3p2_ANT27_ERA5_3h.AIS.2km.DD.zarr,311.896308,21,True
528,ff10m,ff10m.2012_JFM.BN_RACMO2.3p2_ANT27_ERA5_3h.AIS.2km.DD.zarr,s3://nasa-cryo-scratch/jkingslake/Daily-2km-zarr/ff10m/ff10m.2012_JFM.BN_RACMO2.3p2_ANT27_ERA5_3h.AIS.2km.DD.zarr,893.987734,33,True
529,t2m,t2m.2012_JFM.BN_RACMO2.3p2_ANT27_ERA5_3h.AIS.2km.DD.zarr,s3://nasa-cryo-scratch/jkingslake/Daily-2km-zarr/t2m/t2m.2012_JFM.BN_RACMO2.3p2_ANT27_ERA5_3h.AIS.2km.DD.zarr,708.927502,33,True
530,precip,precip.2012_JFM.BN_RACMO2.3p2_ANT27_ERA5_3h.AIS.2km.DD.zarr,s3://nasa-cryo-scratch/jkingslake/Daily-2km-zarr/precip/precip.2012_JFM.BN_RACMO2.3p2_ANT27_ERA5_3h.AIS.2km.DD.zarr,877.252198,33,True
531,snowmelt,snowmelt.2012_JFM.BN_RACMO2.3p2_ANT27_ERA5_3h.AIS.2km.DD.zarr,s3://nasa-cryo-scratch/jkingslake/Daily-2km-zarr/snowmelt/snowmelt.2012_JFM.BN_RACMO2.3p2_ANT27_ERA5_3h.AIS.2km.DD.zarr,66.364561,1038,True
532,ff10m,ff10m.2012_AMJ.BN_RACMO2.3p2_ANT27_ERA5_3h.AIS.2km.DD.zarr,s3://nasa-cryo-scratch/jkingslake/Daily-2km-zarr/ff10m/ff10m.2012_AMJ.BN_RACMO2.3p2_ANT27_ERA5_3h.AIS.2km.DD.zarr,893.556508,33,True
533,precip,precip.2012_AMJ.BN_RACMO2.3p2_ANT27_ERA5_3h.AIS.2km.DD.zarr,s3://nasa-cryo-scratch/jkingslake/Daily-2km-zarr/precip/precip.2012_AMJ.BN_RACMO2.3p2_ANT27_ERA5_3h.AIS.2km.DD.zarr,895.765477,33,True
534,snowmelt,snowmelt.2012_AMJ.BN_RACMO2.3p2_ANT27_ERA5_3h.AIS.2km.DD.zarr,s3://nasa-cryo-scratch/jkingslake/Daily-2km-zarr/snowmelt/snowmelt.2012_AMJ.BN_RACMO2.3p2_ANT27_ERA5_3h.AIS.2km.DD.zarr,15.510316,1038,True
535,t2m,t2m.2012_AMJ.BN_RACMO2.3p2_ANT27_ERA5_3h.AIS.2km.DD.zarr,s3://nasa-cryo-scratch/jkingslake/Daily-2km-zarr/t2m/t2m.2012_AMJ.BN_RACMO2.3p2_ANT27_ERA5_3h.AIS.2km.DD.zarr,724.698786,33,True
536,ff10m,ff10m.2012_JAS.BN_RACMO2.3p2_ANT27_ERA5_3h.AIS.2km.DD.zarr,s3://nasa-cryo-scratch/jkingslake/Daily-2km-zarr/ff10m/ff10m.2012_JAS.BN_RACMO2.3p2_ANT27_ERA5_3h.AIS.2km.DD.zarr,905.419884,33,True
537,precip,precip.2012_JAS.BN_RACMO2.3p2_ANT27_ERA5_3h.AIS.2km.DD.zarr,s3://nasa-cryo-scratch/jkingslake/Daily-2km-zarr/precip/precip.2012_JAS.BN_RACMO2.3p2_ANT27_ERA5_3h.AIS.2km.DD.zarr,913.73643,33,True
538,t2m,t2m.2012_JAS.BN_RACMO2.3p2_ANT27_ERA5_3h.AIS.2km.DD.zarr,s3://nasa-cryo-scratch/jkingslake/Daily-2km-zarr/t2m/t2m.2012_JAS.BN_RACMO2.3p2_ANT27_ERA5_3h.AIS.2km.DD.zarr,734.968467,33,True
539,snowmelt,snowmelt.2012_JAS.BN_RACMO2.3p2_ANT27_ERA5_3h.AIS.2km.DD.zarr,s3://nasa-cryo-scratch/jkingslake/Daily-2km-zarr/snowmelt/snowmelt.2012_JAS.BN_RACMO2.3p2_ANT27_ERA5_3h.AIS.2km.DD.zarr,21.658153,1038,True
540,t2m,t2m.2012_OND.BN_RACMO2.3p2_ANT27_ERA5_3h.AIS.2km.DD.zarr,s3://nasa-cryo-scratch/jkingslake/Daily-2km-zarr/t2m/t2m.2012_OND.BN_RACMO2.3p2_ANT27_ERA5_3h.AIS.2km.DD.zarr,714.536346,33,True
541,snowmelt,snowmelt.2012_OND.BN_RACMO2.3p2_ANT27_ERA5_3h.AIS.2km.DD.zarr,s3://nasa-cryo-scratch/jkingslake/Daily-2km-zarr/snowmelt/snowmelt.2012_OND.BN_RACMO2.3p2_ANT27_ERA5_3h.AIS.2km.DD.zarr,67.885742,1038,True
542,precip,precip.2012_OND.BN_RACMO2.3p2_ANT27_ERA5_3h.AIS.2km.DD.zarr,s3://nasa-cryo-scratch/jkingslake/Daily-2km-zarr/precip/precip.2012_OND.BN_RACMO2.3p2_ANT27_ERA5_3h.AIS.2km.DD.zarr,832.574591,33,True
543,ff10m,ff10m.2012_OND.BN_RACMO2.3p2_ANT27_ERA5_3h.AIS.2km.DD.zarr,s3://nasa-cryo-scratch/jkingslake/Daily-2km-zarr/ff10m/ff10m.2012_OND.BN_RACMO2.3p2_ANT27_ERA5_3h.AIS.2km.DD.zarr,901.13799,33,True
544,t2m,t2m.2013_JFM.BN_RACMO2.3p2_ANT27_ERA5_3h.AIS.2km.DD.zarr,s3://nasa-cryo-scratch/jkingslake/Daily-2km-zarr/t2m/t2m.2013_JFM.BN_RACMO2.3p2_ANT27_ERA5_3h.AIS.2km.DD.zarr,700.274854,32,True
545,snowmelt,snowmelt.2013_JFM.BN_RACMO2.3p2_ANT27_ERA5_3h.AIS.2km.DD.zarr,s3://nasa-cryo-scratch/jkingslake/Daily-2km-zarr/snowmelt/snowmelt.2013_JFM.BN_RACMO2.3p2_ANT27_ERA5_3h.AIS.2km.DD.zarr,118.674092,974,True
546,ff10m,ff10m.2013_JFM.BN_RACMO2.3p2_ANT27_ERA5_3h.AIS.2km.DD.zarr,s3://nasa-cryo-scratch/jkingslake/Daily-2km-zarr/ff10m/ff10m.2013_JFM.BN_RACMO2.3p2_ANT27_ERA5_3h.AIS.2km.DD.zarr,887.147772,32,True
547,precip,precip.2013_JFM.BN_RACMO2.3p2_ANT27_ERA5_3h.AIS.2km.DD.zarr,s3://nasa-cryo-scratch/jkingslake/Daily-2km-zarr/precip/precip.2013_JFM.BN_RACMO2.3p2_ANT27_ERA5_3h.AIS.2km.DD.zarr,870.207058,32,True
548,ff10m,ff10m.2013_AMJ.BN_RACMO2.3p2_ANT27_ERA5_3h.AIS.2km.DD.zarr,s3://nasa-cryo-scratch/jkingslake/Daily-2km-zarr/ff10m/ff10m.2013_AMJ.BN_RACMO2.3p2_ANT27_ERA5_3h.AIS.2km.DD.zarr,892.860393,33,True
549,snowmelt,snowmelt.2013_AMJ.BN_RACMO2.3p2_ANT27_ERA5_3h.AIS.2km.DD.zarr,s3://nasa-cryo-scratch/jkingslake/Daily-2km-zarr/snowmelt/snowmelt.2013_AMJ.BN_RACMO2.3p2_ANT27_ERA5_3h.AIS.2km.DD.zarr,10.763473,1038,True
550,precip,precip.2013_AMJ.BN_RACMO2.3p2_ANT27_ERA5_3h.AIS.2km.DD.zarr,s3://nasa-cryo-scratch/jkingslake/Daily-2km-zarr/precip/precip.2013_AMJ.BN_RACMO2.3p2_ANT27_ERA5_3h.AIS.2km.DD.zarr,896.808895,33,True
551,t2m,t2m.2013_AMJ.BN_RACMO2.3p2_ANT27_ERA5_3h.AIS.2km.DD.zarr,s3://nasa-cryo-scratch/jkingslake/Daily-2km-zarr/t2m/t2m.2013_AMJ.BN_RACMO2.3p2_ANT27_ERA5_3h.AIS.2km.DD.zarr,724.774431,33,True
552,t2m,t2m.2013_JAS.BN_RACMO2.3p2_ANT27_ERA5_3h.AIS.2km.DD.zarr,s3://nasa-cryo-scratch/jkingslake/Daily-2km-zarr/t2m/t2m.2013_JAS.BN_RACMO2.3p2_ANT27_ERA5_3h.AIS.2km.DD.zarr,732.637128,33,True
553,ff10m,ff10m.2013_JAS.BN_RACMO2.3p2_ANT27_ERA5_3h.AIS.2km.DD.zarr,s3://nasa-cryo-scratch/jkingslake/Daily-2km-zarr/ff10m/ff10m.2013_JAS.BN_RACMO2.3p2_ANT27_ERA5_3h.AIS.2km.DD.zarr,899.533836,33,True
554,precip,precip.2013_JAS.BN_RACMO2.3p2_ANT27_ERA5_3h.AIS.2km.DD.zarr,s3://nasa-cryo-scratch/jkingslake/Daily-2km-zarr/precip/precip.2013_JAS.BN_RACMO2.3p2_ANT27_ERA5_3h.AIS.2km.DD.zarr,897.785043,33,True
555,snowmelt,snowmelt.2013_JAS.BN_RACMO2.3p2_ANT27_ERA5_3h.AIS.2km.DD.zarr,s3://nasa-cryo-scratch/jkingslake/Daily-2km-zarr/snowmelt/snowmelt.2013_JAS.BN_RACMO2.3p2_ANT27_ERA5_3h.AIS.2km.DD.zarr,12.252118,1038,True
556,snowmelt,snowmelt.2013_OND.BN_RACMO2.3p2_ANT27_ERA5_3h.AIS.2km.DD.zarr,s3://nasa-cryo-scratch/jkingslake/Daily-2km-zarr/snowmelt/snowmelt.2013_OND.BN_RACMO2.3p2_ANT27_ERA5_3h.AIS.2km.DD.zarr,60.959619,1038,True
557,ff10m,ff10m.2013_OND.BN_RACMO2.3p2_ANT27_ERA5_3h.AIS.2km.DD.zarr,s3://nasa-cryo-scratch/jkingslake/Daily-2km-zarr/ff10m/ff10m.2013_OND.BN_RACMO2.3p2_ANT27_ERA5_3h.AIS.2km.DD.zarr,390.545904,22,True
558,t2m,t2m.2013_OND.BN_RACMO2.3p2_ANT27_ERA5_3h.AIS.2km.DD.zarr,s3://nasa-cryo-scratch/jkingslake/Daily-2km-zarr/t2m/t2m.2013_OND.BN_RACMO2.3p2_ANT27_ERA5_3h.AIS.2km.DD.zarr,714.382572,33,True
559,precip,precip.2013_OND.BN_RACMO2.3p2_ANT27_ERA5_3h.AIS.2km.DD.zarr,s3://nasa-cryo-scratch/jkingslake/Daily-2km-zarr/precip/precip.2013_OND.BN_RACMO2.3p2_ANT27_ERA5_3h.AIS.2km.DD.zarr,847.821086,33,True
560,ff10m,ff10m.2014_JFM.BN_RACMO2.3p2_ANT27_ERA5_3h.AIS.2km.DD.zarr,s3://nasa-cryo-scratch/jkingslake/Daily-2km-zarr/ff10m/ff10m.2014_JFM.BN_RACMO2.3p2_ANT27_ERA5_3h.AIS.2km.DD.zarr,885.862244,32,True
561,precip,precip.2014_JFM.BN_RACMO2.3p2_ANT27_ERA5_3h.AIS.2km.DD.zarr,s3://nasa-cryo-scratch/jkingslake/Daily-2km-zarr/precip/precip.2014_JFM.BN_RACMO2.3p2_ANT27_ERA5_3h.AIS.2km.DD.zarr,855.976236,32,True
562,t2m,t2m.2014_JFM.BN_RACMO2.3p2_ANT27_ERA5_3h.AIS.2km.DD.zarr,s3://nasa-cryo-scratch/jkingslake/Daily-2km-zarr/t2m/t2m.2014_JFM.BN_RACMO2.3p2_ANT27_ERA5_3h.AIS.2km.DD.zarr,701.123963,32,True
563,snowmelt,snowmelt.2014_JFM.BN_RACMO2.3p2_ANT27_ERA5_3h.AIS.2km.DD.zarr,s3://nasa-cryo-scratch/jkingslake/Daily-2km-zarr/snowmelt/snowmelt.2014_JFM.BN_RACMO2.3p2_ANT27_ERA5_3h.AIS.2km.DD.zarr,73.432525,974,True
564,t2m,t2m.2014_AMJ.BN_RACMO2.3p2_ANT27_ERA5_3h.AIS.2km.DD.zarr,s3://nasa-cryo-scratch/jkingslake/Daily-2km-zarr/t2m/t2m.2014_AMJ.BN_RACMO2.3p2_ANT27_ERA5_3h.AIS.2km.DD.zarr,723.783901,33,True
565,ff10m,ff10m.2014_AMJ.BN_RACMO2.3p2_ANT27_ERA5_3h.AIS.2km.DD.zarr,s3://nasa-cryo-scratch/jkingslake/Daily-2km-zarr/ff10m/ff10m.2014_AMJ.BN_RACMO2.3p2_ANT27_ERA5_3h.AIS.2km.DD.zarr,891.521226,33,True
566,precip,precip.2014_AMJ.BN_RACMO2.3p2_ANT27_ERA5_3h.AIS.2km.DD.zarr,s3://nasa-cryo-scratch/jkingslake/Daily-2km-zarr/precip/precip.2014_AMJ.BN_RACMO2.3p2_ANT27_ERA5_3h.AIS.2km.DD.zarr,894.13787,33,True
567,snowmelt,snowmelt.2014_AMJ.BN_RACMO2.3p2_ANT27_ERA5_3h.AIS.2km.DD.zarr,s3://nasa-cryo-scratch/jkingslake/Daily-2km-zarr/snowmelt/snowmelt.2014_AMJ.BN_RACMO2.3p2_ANT27_ERA5_3h.AIS.2km.DD.zarr,14.65337,1038,True
568,ff10m,ff10m.2014_JAS.BN_RACMO2.3p2_ANT27_ERA5_3h.AIS.2km.DD.zarr,s3://nasa-cryo-scratch/jkingslake/Daily-2km-zarr/ff10m/ff10m.2014_JAS.BN_RACMO2.3p2_ANT27_ERA5_3h.AIS.2km.DD.zarr,851.982887,32,True
569,t2m,t2m.2014_JAS.BN_RACMO2.3p2_ANT27_ERA5_3h.AIS.2km.DD.zarr,s3://nasa-cryo-scratch/jkingslake/Daily-2km-zarr/t2m/t2m.2014_JAS.BN_RACMO2.3p2_ANT27_ERA5_3h.AIS.2km.DD.zarr,692.869874,32,True
570,snowmelt,snowmelt.2014_JAS.BN_RACMO2.3p2_ANT27_ERA5_3h.AIS.2km.DD.zarr,s3://nasa-cryo-scratch/jkingslake/Daily-2km-zarr/snowmelt/snowmelt.2014_JAS.BN_RACMO2.3p2_ANT27_ERA5_3h.AIS.2km.DD.zarr,10.499181,1038,True
571,precip,precip.2014_JAS.BN_RACMO2.3p2_ANT27_ERA5_3h.AIS.2km.DD.zarr,s3://nasa-cryo-scratch/jkingslake/Daily-2km-zarr/precip/precip.2014_JAS.BN_RACMO2.3p2_ANT27_ERA5_3h.AIS.2km.DD.zarr,243.770263,19,True
572,snowmelt,snowmelt.2014_OND.BN_RACMO2.3p2_ANT27_ERA5_3h.AIS.2km.DD.zarr,s3://nasa-cryo-scratch/jkingslake/Daily-2km-zarr/snowmelt/snowmelt.2014_OND.BN_RACMO2.3p2_ANT27_ERA5_3h.AIS.2km.DD.zarr,55.267396,1038,True
573,t2m,t2m.2014_OND.BN_RACMO2.3p2_ANT27_ERA5_3h.AIS.2km.DD.zarr,s3://nasa-cryo-scratch/jkingslake/Daily-2km-zarr/t2m/t2m.2014_OND.BN_RACMO2.3p2_ANT27_ERA5_3h.AIS.2km.DD.zarr,716.317523,33,True
574,ff10m,ff10m.2014_OND.BN_RACMO2.3p2_ANT27_ERA5_3h.AIS.2km.DD.zarr,s3://nasa-cryo-scratch/jkingslake/Daily-2km-zarr/ff10m/ff10m.2014_OND.BN_RACMO2.3p2_ANT27_ERA5_3h.AIS.2km.DD.zarr,900.854896,33,True
575,precip,precip.2014_OND.BN_RACMO2.3p2_ANT27_ERA5_3h.AIS.2km.DD.zarr,s3://nasa-cryo-scratch/jkingslake/Daily-2km-zarr/precip/precip.2014_OND.BN_RACMO2.3p2_ANT27_ERA5_3h.AIS.2km.DD.zarr,838.155084,33,True
576,snowmelt,snowmelt.2015_JFM.BN_RACMO2.3p2_ANT27_ERA5_3h.AIS.2km.DD.zarr,s3://nasa-cryo-scratch/jkingslake/Daily-2km-zarr/snowmelt/snowmelt.2015_JFM.BN_RACMO2.3p2_ANT27_ERA5_3h.AIS.2km.DD.zarr,78.889144,974,True
577,ff10m,ff10m.2015_JFM.BN_RACMO2.3p2_ANT27_ERA5_3h.AIS.2km.DD.zarr,s3://nasa-cryo-scratch/jkingslake/Daily-2km-zarr/ff10m/ff10m.2015_JFM.BN_RACMO2.3p2_ANT27_ERA5_3h.AIS.2km.DD.zarr,884.148244,32,True
578,precip,precip.2015_JFM.BN_RACMO2.3p2_ANT27_ERA5_3h.AIS.2km.DD.zarr,s3://nasa-cryo-scratch/jkingslake/Daily-2km-zarr/precip/precip.2015_JFM.BN_RACMO2.3p2_ANT27_ERA5_3h.AIS.2km.DD.zarr,861.855314,32,True
579,t2m,t2m.2015_JFM.BN_RACMO2.3p2_ANT27_ERA5_3h.AIS.2km.DD.zarr,s3://nasa-cryo-scratch/jkingslake/Daily-2km-zarr/t2m/t2m.2015_JFM.BN_RACMO2.3p2_ANT27_ERA5_3h.AIS.2km.DD.zarr,700.715004,32,True
580,precip,precip.2015_AMJ.BN_RACMO2.3p2_ANT27_ERA5_3h.AIS.2km.DD.zarr,s3://nasa-cryo-scratch/jkingslake/Daily-2km-zarr/precip/precip.2015_AMJ.BN_RACMO2.3p2_ANT27_ERA5_3h.AIS.2km.DD.zarr,902.142586,33,True
581,ff10m,ff10m.2015_AMJ.BN_RACMO2.3p2_ANT27_ERA5_3h.AIS.2km.DD.zarr,s3://nasa-cryo-scratch/jkingslake/Daily-2km-zarr/ff10m/ff10m.2015_AMJ.BN_RACMO2.3p2_ANT27_ERA5_3h.AIS.2km.DD.zarr,893.596783,33,True
582,t2m,t2m.2015_AMJ.BN_RACMO2.3p2_ANT27_ERA5_3h.AIS.2km.DD.zarr,s3://nasa-cryo-scratch/jkingslake/Daily-2km-zarr/t2m/t2m.2015_AMJ.BN_RACMO2.3p2_ANT27_ERA5_3h.AIS.2km.DD.zarr,724.579139,33,True
583,snowmelt,snowmelt.2015_AMJ.BN_RACMO2.3p2_ANT27_ERA5_3h.AIS.2km.DD.zarr,s3://nasa-cryo-scratch/jkingslake/Daily-2km-zarr/snowmelt/snowmelt.2015_AMJ.BN_RACMO2.3p2_ANT27_ERA5_3h.AIS.2km.DD.zarr,16.336657,1038,True
584,ff10m,ff10m.2015_JAS.BN_RACMO2.3p2_ANT27_ERA5_3h.AIS.2km.DD.zarr,s3://nasa-cryo-scratch/jkingslake/Daily-2km-zarr/ff10m/ff10m.2015_JAS.BN_RACMO2.3p2_ANT27_ERA5_3h.AIS.2km.DD.zarr,460.760185,24,True
585,precip,precip.2015_JAS.BN_RACMO2.3p2_ANT27_ERA5_3h.AIS.2km.DD.zarr,s3://nasa-cryo-scratch/jkingslake/Daily-2km-zarr/precip/precip.2015_JAS.BN_RACMO2.3p2_ANT27_ERA5_3h.AIS.2km.DD.zarr,911.701796,33,True
586,t2m,t2m.2015_JAS.BN_RACMO2.3p2_ANT27_ERA5_3h.AIS.2km.DD.zarr,s3://nasa-cryo-scratch/jkingslake/Daily-2km-zarr/t2m/t2m.2015_JAS.BN_RACMO2.3p2_ANT27_ERA5_3h.AIS.2km.DD.zarr,734.462189,33,True
587,snowmelt,snowmelt.2015_JAS.BN_RACMO2.3p2_ANT27_ERA5_3h.AIS.2km.DD.zarr,s3://nasa-cryo-scratch/jkingslake/Daily-2km-zarr/snowmelt/snowmelt.2015_JAS.BN_RACMO2.3p2_ANT27_ERA5_3h.AIS.2km.DD.zarr,10.190028,1038,True
588,snowmelt,snowmelt.2015_OND.BN_RACMO2.3p2_ANT27_ERA5_3h.AIS.2km.DD.zarr,s3://nasa-cryo-scratch/jkingslake/Daily-2km-zarr/snowmelt/snowmelt.2015_OND.BN_RACMO2.3p2_ANT27_ERA5_3h.AIS.2km.DD.zarr,73.279702,1038,True
589,precip,precip.2015_OND.BN_RACMO2.3p2_ANT27_ERA5_3h.AIS.2km.DD.zarr,s3://nasa-cryo-scratch/jkingslake/Daily-2km-zarr/precip/precip.2015_OND.BN_RACMO2.3p2_ANT27_ERA5_3h.AIS.2km.DD.zarr,842.83602,33,True
590,t2m,t2m.2015_OND.BN_RACMO2.3p2_ANT27_ERA5_3h.AIS.2km.DD.zarr,s3://nasa-cryo-scratch/jkingslake/Daily-2km-zarr/t2m/t2m.2015_OND.BN_RACMO2.3p2_ANT27_ERA5_3h.AIS.2km.DD.zarr,714.590623,33,True
591,ff10m,ff10m.2015_OND.BN_RACMO2.3p2_ANT27_ERA5_3h.AIS.2km.DD.zarr,s3://nasa-cryo-scratch/jkingslake/Daily-2km-zarr/ff10m/ff10m.2015_OND.BN_RACMO2.3p2_ANT27_ERA5_3h.AIS.2km.DD.zarr,895.96351,33,True
592,precip,precip.2016_JFM.BN_RACMO2.3p2_ANT27_ERA5_3h.AIS.2km.DD.zarr,s3://nasa-cryo-scratch/jkingslake/Daily-2km-zarr/precip/precip.2016_JFM.BN_RACMO2.3p2_ANT27_ERA5_3h.AIS.2km.DD.zarr,867.776878,33,True
593,t2m,t2m.2016_JFM.BN_RACMO2.3p2_ANT27_ERA5_3h.AIS.2km.DD.zarr,s3://nasa-cryo-scratch/jkingslake/Daily-2km-zarr/t2m/t2m.2016_JFM.BN_RACMO2.3p2_ANT27_ERA5_3h.AIS.2km.DD.zarr,709.694231,33,True
594,ff10m,ff10m.2016_JFM.BN_RACMO2.3p2_ANT27_ERA5_3h.AIS.2km.DD.zarr,s3://nasa-cryo-scratch/jkingslake/Daily-2km-zarr/ff10m/ff10m.2016_JFM.BN_RACMO2.3p2_ANT27_ERA5_3h.AIS.2km.DD.zarr,894.358193,33,True
595,snowmelt,snowmelt.2016_JFM.BN_RACMO2.3p2_ANT27_ERA5_3h.AIS.2km.DD.zarr,s3://nasa-cryo-scratch/jkingslake/Daily-2km-zarr/snowmelt/snowmelt.2016_JFM.BN_RACMO2.3p2_ANT27_ERA5_3h.AIS.2km.DD.zarr,89.627819,1038,True
596,snowmelt,snowmelt.2016_AMJ.BN_RACMO2.3p2_ANT27_ERA5_3h.AIS.2km.DD.zarr,s3://nasa-cryo-scratch/jkingslake/Daily-2km-zarr/snowmelt/snowmelt.2016_AMJ.BN_RACMO2.3p2_ANT27_ERA5_3h.AIS.2km.DD.zarr,18.557354,1038,True
597,t2m,t2m.2016_AMJ.BN_RACMO2.3p2_ANT27_ERA5_3h.AIS.2km.DD.zarr,s3://nasa-cryo-scratch/jkingslake/Daily-2km-zarr/t2m/t2m.2016_AMJ.BN_RACMO2.3p2_ANT27_ERA5_3h.AIS.2km.DD.zarr,723.669224,33,True
598,ff10m,ff10m.2016_AMJ.BN_RACMO2.3p2_ANT27_ERA5_3h.AIS.2km.DD.zarr,s3://nasa-cryo-scratch/jkingslake/Daily-2km-zarr/ff10m/ff10m.2016_AMJ.BN_RACMO2.3p2_ANT27_ERA5_3h.AIS.2km.DD.zarr,894.339891,33,True
599,precip,precip.2016_AMJ.BN_RACMO2.3p2_ANT27_ERA5_3h.AIS.2km.DD.zarr,s3://nasa-cryo-scratch/jkingslake/Daily-2km-zarr/precip/precip.2016_AMJ.BN_RACMO2.3p2_ANT27_ERA5_3h.AIS.2km.DD.zarr,905.165852,33,True
600,t2m,t2m.2016_JAS.BN_RACMO2.3p2_ANT27_ERA5_3h.AIS.2km.DD.zarr,s3://nasa-cryo-scratch/jkingslake/Daily-2km-zarr/t2m/t2m.2016_JAS.BN_RACMO2.3p2_ANT27_ERA5_3h.AIS.2km.DD.zarr,733.098168,33,True
601,snowmelt,snowmelt.2016_JAS.BN_RACMO2.3p2_ANT27_ERA5_3h.AIS.2km.DD.zarr,s3://nasa-cryo-scratch/jkingslake/Daily-2km-zarr/snowmelt/snowmelt.2016_JAS.BN_RACMO2.3p2_ANT27_ERA5_3h.AIS.2km.DD.zarr,13.125098,1038,True
602,ff10m,ff10m.2016_JAS.BN_RACMO2.3p2_ANT27_ERA5_3h.AIS.2km.DD.zarr,s3://nasa-cryo-scratch/jkingslake/Daily-2km-zarr/ff10m/ff10m.2016_JAS.BN_RACMO2.3p2_ANT27_ERA5_3h.AIS.2km.DD.zarr,901.686345,33,True
603,precip,precip.2016_JAS.BN_RACMO2.3p2_ANT27_ERA5_3h.AIS.2km.DD.zarr,s3://nasa-cryo-scratch/jkingslake/Daily-2km-zarr/precip/precip.2016_JAS.BN_RACMO2.3p2_ANT27_ERA5_3h.AIS.2km.DD.zarr,904.458116,33,True
604,ff10m,ff10m.2016_OND.BN_RACMO2.3p2_ANT27_ERA5_3h.AIS.2km.DD.zarr,s3://nasa-cryo-scratch/jkingslake/Daily-2km-zarr/ff10m/ff10m.2016_OND.BN_RACMO2.3p2_ANT27_ERA5_3h.AIS.2km.DD.zarr,899.964145,33,True
605,t2m,t2m.2016_OND.BN_RACMO2.3p2_ANT27_ERA5_3h.AIS.2km.DD.zarr,s3://nasa-cryo-scratch/jkingslake/Daily-2km-zarr/t2m/t2m.2016_OND.BN_RACMO2.3p2_ANT27_ERA5_3h.AIS.2km.DD.zarr,714.752953,33,True
606,precip,precip.2016_OND.BN_RACMO2.3p2_ANT27_ERA5_3h.AIS.2km.DD.zarr,s3://nasa-cryo-scratch/jkingslake/Daily-2km-zarr/precip/precip.2016_OND.BN_RACMO2.3p2_ANT27_ERA5_3h.AIS.2km.DD.zarr,862.154904,33,True
607,snowmelt,snowmelt.2016_OND.BN_RACMO2.3p2_ANT27_ERA5_3h.AIS.2km.DD.zarr,s3://nasa-cryo-scratch/jkingslake/Daily-2km-zarr/snowmelt/snowmelt.2016_OND.BN_RACMO2.3p2_ANT27_ERA5_3h.AIS.2km.DD.zarr,101.97301,1038,True
608,ff10m,ff10m.2017_JFM.BN_RACMO2.3p2_ANT27_ERA5_3h.AIS.2km.DD.zarr,s3://nasa-cryo-scratch/jkingslake/Daily-2km-zarr/ff10m/ff10m.2017_JFM.BN_RACMO2.3p2_ANT27_ERA5_3h.AIS.2km.DD.zarr,884.675249,32,True
609,precip,precip.2017_JFM.BN_RACMO2.3p2_ANT27_ERA5_3h.AIS.2km.DD.zarr,s3://nasa-cryo-scratch/jkingslake/Daily-2km-zarr/precip/precip.2017_JFM.BN_RACMO2.3p2_ANT27_ERA5_3h.AIS.2km.DD.zarr,852.210564,32,True
610,t2m,t2m.2017_JFM.BN_RACMO2.3p2_ANT27_ERA5_3h.AIS.2km.DD.zarr,s3://nasa-cryo-scratch/jkingslake/Daily-2km-zarr/t2m/t2m.2017_JFM.BN_RACMO2.3p2_ANT27_ERA5_3h.AIS.2km.DD.zarr,700.052781,32,True
611,snowmelt,snowmelt.2017_JFM.BN_RACMO2.3p2_ANT27_ERA5_3h.AIS.2km.DD.zarr,s3://nasa-cryo-scratch/jkingslake/Daily-2km-zarr/snowmelt/snowmelt.2017_JFM.BN_RACMO2.3p2_ANT27_ERA5_3h.AIS.2km.DD.zarr,105.11846,974,True
612,precip,precip.2017_AMJ.BN_RACMO2.3p2_ANT27_ERA5_3h.AIS.2km.DD.zarr,s3://nasa-cryo-scratch/jkingslake/Daily-2km-zarr/precip/precip.2017_AMJ.BN_RACMO2.3p2_ANT27_ERA5_3h.AIS.2km.DD.zarr,896.034137,33,True
613,snowmelt,snowmelt.2017_AMJ.BN_RACMO2.3p2_ANT27_ERA5_3h.AIS.2km.DD.zarr,s3://nasa-cryo-scratch/jkingslake/Daily-2km-zarr/snowmelt/snowmelt.2017_AMJ.BN_RACMO2.3p2_ANT27_ERA5_3h.AIS.2km.DD.zarr,13.915192,1038,True
614,t2m,t2m.2017_AMJ.BN_RACMO2.3p2_ANT27_ERA5_3h.AIS.2km.DD.zarr,s3://nasa-cryo-scratch/jkingslake/Daily-2km-zarr/t2m/t2m.2017_AMJ.BN_RACMO2.3p2_ANT27_ERA5_3h.AIS.2km.DD.zarr,158.885115,18,True
615,ff10m,ff10m.2017_AMJ.BN_RACMO2.3p2_ANT27_ERA5_3h.AIS.2km.DD.zarr,s3://nasa-cryo-scratch/jkingslake/Daily-2km-zarr/ff10m/ff10m.2017_AMJ.BN_RACMO2.3p2_ANT27_ERA5_3h.AIS.2km.DD.zarr,892.880527,33,True
616,snowmelt,snowmelt.2017_JAS.BN_RACMO2.3p2_ANT27_ERA5_3h.AIS.2km.DD.zarr,s3://nasa-cryo-scratch/jkingslake/Daily-2km-zarr/snowmelt/snowmelt.2017_JAS.BN_RACMO2.3p2_ANT27_ERA5_3h.AIS.2km.DD.zarr,11.344428,1038,True
617,precip,precip.2017_JAS.BN_RACMO2.3p2_ANT27_ERA5_3h.AIS.2km.DD.zarr,s3://nasa-cryo-scratch/jkingslake/Daily-2km-zarr/precip/precip.2017_JAS.BN_RACMO2.3p2_ANT27_ERA5_3h.AIS.2km.DD.zarr,917.598369,33,True
618,t2m,t2m.2017_JAS.BN_RACMO2.3p2_ANT27_ERA5_3h.AIS.2km.DD.zarr,s3://nasa-cryo-scratch/jkingslake/Daily-2km-zarr/t2m/t2m.2017_JAS.BN_RACMO2.3p2_ANT27_ERA5_3h.AIS.2km.DD.zarr,734.053677,33,True
619,ff10m,ff10m.2017_JAS.BN_RACMO2.3p2_ANT27_ERA5_3h.AIS.2km.DD.zarr,s3://nasa-cryo-scratch/jkingslake/Daily-2km-zarr/ff10m/ff10m.2017_JAS.BN_RACMO2.3p2_ANT27_ERA5_3h.AIS.2km.DD.zarr,901.021699,33,True
620,ff10m,ff10m.2017_OND.BN_RACMO2.3p2_ANT27_ERA5_3h.AIS.2km.DD.zarr,s3://nasa-cryo-scratch/jkingslake/Daily-2km-zarr/ff10m/ff10m.2017_OND.BN_RACMO2.3p2_ANT27_ERA5_3h.AIS.2km.DD.zarr,901.149684,33,True
621,precip,precip.2017_OND.BN_RACMO2.3p2_ANT27_ERA5_3h.AIS.2km.DD.zarr,s3://nasa-cryo-scratch/jkingslake/Daily-2km-zarr/precip/precip.2017_OND.BN_RACMO2.3p2_ANT27_ERA5_3h.AIS.2km.DD.zarr,842.639444,33,True
622,t2m,t2m.2017_OND.BN_RACMO2.3p2_ANT27_ERA5_3h.AIS.2km.DD.zarr,s3://nasa-cryo-scratch/jkingslake/Daily-2km-zarr/t2m/t2m.2017_OND.BN_RACMO2.3p2_ANT27_ERA5_3h.AIS.2km.DD.zarr,714.986321,33,True
623,snowmelt,snowmelt.2017_OND.BN_RACMO2.3p2_ANT27_ERA5_3h.AIS.2km.DD.zarr,s3://nasa-cryo-scratch/jkingslake/Daily-2km-zarr/snowmelt/snowmelt.2017_OND.BN_RACMO2.3p2_ANT27_ERA5_3h.AIS.2km.DD.zarr,78.997868,1038,True
624,t2m,t2m.2018_JFM.BN_RACMO2.3p2_ANT27_ERA5_3h.AIS.2km.DD.zarr,s3://nasa-cryo-scratch/jkingslake/Daily-2km-zarr/t2m/t2m.2018_JFM.BN_RACMO2.3p2_ANT27_ERA5_3h.AIS.2km.DD.zarr,700.264275,32,True
625,snowmelt,snowmelt.2018_JFM.BN_RACMO2.3p2_ANT27_ERA5_3h.AIS.2km.DD.zarr,s3://nasa-cryo-scratch/jkingslake/Daily-2km-zarr/snowmelt/snowmelt.2018_JFM.BN_RACMO2.3p2_ANT27_ERA5_3h.AIS.2km.DD.zarr,80.832384,974,True
626,ff10m,ff10m.2018_JFM.BN_RACMO2.3p2_ANT27_ERA5_3h.AIS.2km.DD.zarr,s3://nasa-cryo-scratch/jkingslake/Daily-2km-zarr/ff10m/ff10m.2018_JFM.BN_RACMO2.3p2_ANT27_ERA5_3h.AIS.2km.DD.zarr,882.521554,32,True
627,precip,precip.2018_JFM.BN_RACMO2.3p2_ANT27_ERA5_3h.AIS.2km.DD.zarr,s3://nasa-cryo-scratch/jkingslake/Daily-2km-zarr/precip/precip.2018_JFM.BN_RACMO2.3p2_ANT27_ERA5_3h.AIS.2km.DD.zarr,854.602883,32,True
628,ff10m,ff10m.2018_AMJ.BN_RACMO2.3p2_ANT27_ERA5_3h.AIS.2km.DD.zarr,s3://nasa-cryo-scratch/jkingslake/Daily-2km-zarr/ff10m/ff10m.2018_AMJ.BN_RACMO2.3p2_ANT27_ERA5_3h.AIS.2km.DD.zarr,892.021206,33,True
629,t2m,t2m.2018_AMJ.BN_RACMO2.3p2_ANT27_ERA5_3h.AIS.2km.DD.zarr,s3://nasa-cryo-scratch/jkingslake/Daily-2km-zarr/t2m/t2m.2018_AMJ.BN_RACMO2.3p2_ANT27_ERA5_3h.AIS.2km.DD.zarr,724.492774,33,True
630,precip,precip.2018_AMJ.BN_RACMO2.3p2_ANT27_ERA5_3h.AIS.2km.DD.zarr,s3://nasa-cryo-scratch/jkingslake/Daily-2km-zarr/precip/precip.2018_AMJ.BN_RACMO2.3p2_ANT27_ERA5_3h.AIS.2km.DD.zarr,890.127426,33,True
631,snowmelt,snowmelt.2018_AMJ.BN_RACMO2.3p2_ANT27_ERA5_3h.AIS.2km.DD.zarr,s3://nasa-cryo-scratch/jkingslake/Daily-2km-zarr/snowmelt/snowmelt.2018_AMJ.BN_RACMO2.3p2_ANT27_ERA5_3h.AIS.2km.DD.zarr,10.554471,1038,True
632,snowmelt,snowmelt.2018_JAS.BN_RACMO2.3p2_ANT27_ERA5_3h.AIS.2km.DD.zarr,s3://nasa-cryo-scratch/jkingslake/Daily-2km-zarr/snowmelt/snowmelt.2018_JAS.BN_RACMO2.3p2_ANT27_ERA5_3h.AIS.2km.DD.zarr,24.594986,1038,True
633,ff10m,ff10m.2018_JAS.BN_RACMO2.3p2_ANT27_ERA5_3h.AIS.2km.DD.zarr,s3://nasa-cryo-scratch/jkingslake/Daily-2km-zarr/ff10m/ff10m.2018_JAS.BN_RACMO2.3p2_ANT27_ERA5_3h.AIS.2km.DD.zarr,900.670595,33,True
634,t2m,t2m.2018_JAS.BN_RACMO2.3p2_ANT27_ERA5_3h.AIS.2km.DD.zarr,s3://nasa-cryo-scratch/jkingslake/Daily-2km-zarr/t2m/t2m.2018_JAS.BN_RACMO2.3p2_ANT27_ERA5_3h.AIS.2km.DD.zarr,733.35866,33,True
635,precip,precip.2018_JAS.BN_RACMO2.3p2_ANT27_ERA5_3h.AIS.2km.DD.zarr,s3://nasa-cryo-scratch/jkingslake/Daily-2km-zarr/precip/precip.2018_JAS.BN_RACMO2.3p2_ANT27_ERA5_3h.AIS.2km.DD.zarr,904.425654,33,True
636,snowmelt,snowmelt.2018_OND.BN_RACMO2.3p2_ANT27_ERA5_3h.AIS.2km.DD.zarr,s3://nasa-cryo-scratch/jkingslake/Daily-2km-zarr/snowmelt/snowmelt.2018_OND.BN_RACMO2.3p2_ANT27_ERA5_3h.AIS.2km.DD.zarr,71.513649,1038,True
637,t2m,t2m.2018_OND.BN_RACMO2.3p2_ANT27_ERA5_3h.AIS.2km.DD.zarr,s3://nasa-cryo-scratch/jkingslake/Daily-2km-zarr/t2m/t2m.2018_OND.BN_RACMO2.3p2_ANT27_ERA5_3h.AIS.2km.DD.zarr,714.409463,33,True
638,ff10m,ff10m.2018_OND.BN_RACMO2.3p2_ANT27_ERA5_3h.AIS.2km.DD.zarr,s3://nasa-cryo-scratch/jkingslake/Daily-2km-zarr/ff10m/ff10m.2018_OND.BN_RACMO2.3p2_ANT27_ERA5_3h.AIS.2km.DD.zarr,896.087763,33,True
639,precip,precip.2018_OND.BN_RACMO2.3p2_ANT27_ERA5_3h.AIS.2km.DD.zarr,s3://nasa-cryo-scratch/jkingslake/Daily-2km-zarr/precip/precip.2018_OND.BN_RACMO2.3p2_ANT27_ERA5_3h.AIS.2km.DD.zarr,852.388783,33,True
640,t2m,t2m.2019_JFM.BN_RACMO2.3p2_ANT27_ERA5_3h.AIS.2km.DD.zarr,s3://nasa-cryo-scratch/jkingslake/Daily-2km-zarr/t2m/t2m.2019_JFM.BN_RACMO2.3p2_ANT27_ERA5_3h.AIS.2km.DD.zarr,466.531699,26,True
641,precip,precip.2019_JFM.BN_RACMO2.3p2_ANT27_ERA5_3h.AIS.2km.DD.zarr,s3://nasa-cryo-scratch/jkingslake/Daily-2km-zarr/precip/precip.2019_JFM.BN_RACMO2.3p2_ANT27_ERA5_3h.AIS.2km.DD.zarr,848.865475,32,True
642,snowmelt,snowmelt.2019_JFM.BN_RACMO2.3p2_ANT27_ERA5_3h.AIS.2km.DD.zarr,s3://nasa-cryo-scratch/jkingslake/Daily-2km-zarr/snowmelt/snowmelt.2019_JFM.BN_RACMO2.3p2_ANT27_ERA5_3h.AIS.2km.DD.zarr,82.98533,974,True
643,ff10m,ff10m.2019_JFM.BN_RACMO2.3p2_ANT27_ERA5_3h.AIS.2km.DD.zarr,s3://nasa-cryo-scratch/jkingslake/Daily-2km-zarr/ff10m/ff10m.2019_JFM.BN_RACMO2.3p2_ANT27_ERA5_3h.AIS.2km.DD.zarr,883.465904,32,True
644,snowmelt,snowmelt.2019_AMJ.BN_RACMO2.3p2_ANT27_ERA5_3h.AIS.2km.DD.zarr,s3://nasa-cryo-scratch/jkingslake/Daily-2km-zarr/snowmelt/snowmelt.2019_AMJ.BN_RACMO2.3p2_ANT27_ERA5_3h.AIS.2km.DD.zarr,10.421644,1038,True
645,precip,precip.2019_AMJ.BN_RACMO2.3p2_ANT27_ERA5_3h.AIS.2km.DD.zarr,s3://nasa-cryo-scratch/jkingslake/Daily-2km-zarr/precip/precip.2019_AMJ.BN_RACMO2.3p2_ANT27_ERA5_3h.AIS.2km.DD.zarr,894.957718,33,True
646,ff10m,ff10m.2019_AMJ.BN_RACMO2.3p2_ANT27_ERA5_3h.AIS.2km.DD.zarr,s3://nasa-cryo-scratch/jkingslake/Daily-2km-zarr/ff10m/ff10m.2019_AMJ.BN_RACMO2.3p2_ANT27_ERA5_3h.AIS.2km.DD.zarr,394.219625,22,True
647,t2m,t2m.2019_AMJ.BN_RACMO2.3p2_ANT27_ERA5_3h.AIS.2km.DD.zarr,s3://nasa-cryo-scratch/jkingslake/Daily-2km-zarr/t2m/t2m.2019_AMJ.BN_RACMO2.3p2_ANT27_ERA5_3h.AIS.2km.DD.zarr,725.026962,33,True
648,snowmelt,snowmelt.2019_JAS.BN_RACMO2.3p2_ANT27_ERA5_3h.AIS.2km.DD.zarr,s3://nasa-cryo-scratch/jkingslake/Daily-2km-zarr/snowmelt/snowmelt.2019_JAS.BN_RACMO2.3p2_ANT27_ERA5_3h.AIS.2km.DD.zarr,13.646576,1038,True
649,t2m,t2m.2019_JAS.BN_RACMO2.3p2_ANT27_ERA5_3h.AIS.2km.DD.zarr,s3://nasa-cryo-scratch/jkingslake/Daily-2km-zarr/t2m/t2m.2019_JAS.BN_RACMO2.3p2_ANT27_ERA5_3h.AIS.2km.DD.zarr,732.359792,33,True
650,ff10m,ff10m.2019_JAS.BN_RACMO2.3p2_ANT27_ERA5_3h.AIS.2km.DD.zarr,s3://nasa-cryo-scratch/jkingslake/Daily-2km-zarr/ff10m/ff10m.2019_JAS.BN_RACMO2.3p2_ANT27_ERA5_3h.AIS.2km.DD.zarr,901.564086,33,True
651,precip,precip.2019_JAS.BN_RACMO2.3p2_ANT27_ERA5_3h.AIS.2km.DD.zarr,s3://nasa-cryo-scratch/jkingslake/Daily-2km-zarr/precip/precip.2019_JAS.BN_RACMO2.3p2_ANT27_ERA5_3h.AIS.2km.DD.zarr,905.135885,33,True
652,precip,precip.2019_OND.BN_RACMO2.3p2_ANT27_ERA5_3h.AIS.2km.DD.zarr,s3://nasa-cryo-scratch/jkingslake/Daily-2km-zarr/precip/precip.2019_OND.BN_RACMO2.3p2_ANT27_ERA5_3h.AIS.2km.DD.zarr,848.102248,33,True
653,snowmelt,snowmelt.2019_OND.BN_RACMO2.3p2_ANT27_ERA5_3h.AIS.2km.DD.zarr,s3://nasa-cryo-scratch/jkingslake/Daily-2km-zarr/snowmelt/snowmelt.2019_OND.BN_RACMO2.3p2_ANT27_ERA5_3h.AIS.2km.DD.zarr,82.425266,1038,True
654,t2m,t2m.2019_OND.BN_RACMO2.3p2_ANT27_ERA5_3h.AIS.2km.DD.zarr,s3://nasa-cryo-scratch/jkingslake/Daily-2km-zarr/t2m/t2m.2019_OND.BN_RACMO2.3p2_ANT27_ERA5_3h.AIS.2km.DD.zarr,520.017162,28,True
655,ff10m,ff10m.2019_OND.BN_RACMO2.3p2_ANT27_ERA5_3h.AIS.2km.DD.zarr,s3://nasa-cryo-scratch/jkingslake/Daily-2km-zarr/ff10m/ff10m.2019_OND.BN_RACMO2.3p2_ANT27_ERA5_3h.AIS.2km.DD.zarr,901.207265,33,True
656,ff10m,ff10m.2020_JFM.BN_RACMO2.3p2_ANT27_ERA5_3h.AIS.2km.DD.zarr,s3://nasa-cryo-scratch/jkingslake/Daily-2km-zarr/ff10m/ff10m.2020_JFM.BN_RACMO2.3p2_ANT27_ERA5_3h.AIS.2km.DD.zarr,895.236448,33,True
657,precip,precip.2020_JFM.BN_RACMO2.3p2_ANT27_ERA5_3h.AIS.2km.DD.zarr,s3://nasa-cryo-scratch/jkingslake/Daily-2km-zarr/precip/precip.2020_JFM.BN_RACMO2.3p2_ANT27_ERA5_3h.AIS.2km.DD.zarr,884.097785,33,True
658,snowmelt,snowmelt.2020_JFM.BN_RACMO2.3p2_ANT27_ERA5_3h.AIS.2km.DD.zarr,s3://nasa-cryo-scratch/jkingslake/Daily-2km-zarr/snowmelt/snowmelt.2020_JFM.BN_RACMO2.3p2_ANT27_ERA5_3h.AIS.2km.DD.zarr,106.750774,1038,True
659,t2m,t2m.2020_JFM.BN_RACMO2.3p2_ANT27_ERA5_3h.AIS.2km.DD.zarr,s3://nasa-cryo-scratch/jkingslake/Daily-2km-zarr/t2m/t2m.2020_JFM.BN_RACMO2.3p2_ANT27_ERA5_3h.AIS.2km.DD.zarr,708.286538,33,True
660,precip,precip.2020_AMJ.BN_RACMO2.3p2_ANT27_ERA5_3h.AIS.2km.DD.zarr,s3://nasa-cryo-scratch/jkingslake/Daily-2km-zarr/precip/precip.2020_AMJ.BN_RACMO2.3p2_ANT27_ERA5_3h.AIS.2km.DD.zarr,899.165279,33,True
661,t2m,t2m.2020_AMJ.BN_RACMO2.3p2_ANT27_ERA5_3h.AIS.2km.DD.zarr,s3://nasa-cryo-scratch/jkingslake/Daily-2km-zarr/t2m/t2m.2020_AMJ.BN_RACMO2.3p2_ANT27_ERA5_3h.AIS.2km.DD.zarr,722.754833,33,True
662,snowmelt,snowmelt.2020_AMJ.BN_RACMO2.3p2_ANT27_ERA5_3h.AIS.2km.DD.zarr,s3://nasa-cryo-scratch/jkingslake/Daily-2km-zarr/snowmelt/snowmelt.2020_AMJ.BN_RACMO2.3p2_ANT27_ERA5_3h.AIS.2km.DD.zarr,10.772593,1038,True
663,ff10m,ff10m.2020_AMJ.BN_RACMO2.3p2_ANT27_ERA5_3h.AIS.2km.DD.zarr,s3://nasa-cryo-scratch/jkingslake/Daily-2km-zarr/ff10m/ff10m.2020_AMJ.BN_RACMO2.3p2_ANT27_ERA5_3h.AIS.2km.DD.zarr,890.934448,33,True
664,ff10m,ff10m.2020_JAS.BN_RACMO2.3p2_ANT27_ERA5_3h.AIS.2km.DD.zarr,s3://nasa-cryo-scratch/jkingslake/Daily-2km-zarr/ff10m/ff10m.2020_JAS.BN_RACMO2.3p2_ANT27_ERA5_3h.AIS.2km.DD.zarr,704.240845,29,True
665,precip,precip.2020_JAS.BN_RACMO2.3p2_ANT27_ERA5_3h.AIS.2km.DD.zarr,s3://nasa-cryo-scratch/jkingslake/Daily-2km-zarr/precip/precip.2020_JAS.BN_RACMO2.3p2_ANT27_ERA5_3h.AIS.2km.DD.zarr,898.747306,33,True
666,snowmelt,snowmelt.2020_JAS.BN_RACMO2.3p2_ANT27_ERA5_3h.AIS.2km.DD.zarr,s3://nasa-cryo-scratch/jkingslake/Daily-2km-zarr/snowmelt/snowmelt.2020_JAS.BN_RACMO2.3p2_ANT27_ERA5_3h.AIS.2km.DD.zarr,10.344112,1038,True
667,t2m,t2m.2020_JAS.BN_RACMO2.3p2_ANT27_ERA5_3h.AIS.2km.DD.zarr,s3://nasa-cryo-scratch/jkingslake/Daily-2km-zarr/t2m/t2m.2020_JAS.BN_RACMO2.3p2_ANT27_ERA5_3h.AIS.2km.DD.zarr,732.623265,33,True
668,snowmelt,snowmelt.2020_OND.BN_RACMO2.3p2_ANT27_ERA5_3h.AIS.2km.DD.zarr,s3://nasa-cryo-scratch/jkingslake/Daily-2km-zarr/snowmelt/snowmelt.2020_OND.BN_RACMO2.3p2_ANT27_ERA5_3h.AIS.2km.DD.zarr,73.206625,1038,True
669,ff10m,ff10m.2020_OND.BN_RACMO2.3p2_ANT27_ERA5_3h.AIS.2km.DD.zarr,s3://nasa-cryo-scratch/jkingslake/Daily-2km-zarr/ff10m/ff10m.2020_OND.BN_RACMO2.3p2_ANT27_ERA5_3h.AIS.2km.DD.zarr,895.932507,33,True
670,precip,precip.2020_OND.BN_RACMO2.3p2_ANT27_ERA5_3h.AIS.2km.DD.zarr,s3://nasa-cryo-scratch/jkingslake/Daily-2km-zarr/precip/precip.2020_OND.BN_RACMO2.3p2_ANT27_ERA5_3h.AIS.2km.DD.zarr,856.284769,33,True
671,t2m,t2m.2020_OND.BN_RACMO2.3p2_ANT27_ERA5_3h.AIS.2km.DD.zarr,s3://nasa-cryo-scratch/jkingslake/Daily-2km-zarr/t2m/t2m.2020_OND.BN_RACMO2.3p2_ANT27_ERA5_3h.AIS.2km.DD.zarr,715.462306,33,True
672,snowmelt,snowmelt.2021_JFM.BN_RACMO2.3p2_ANT27_ERA5_3h.AIS.2km.DD.zarr,s3://nasa-cryo-scratch/jkingslake/Daily-2km-zarr/snowmelt/snowmelt.2021_JFM.BN_RACMO2.3p2_ANT27_ERA5_3h.AIS.2km.DD.zarr,71.504668,974,True
673,precip,precip.2021_JFM.BN_RACMO2.3p2_ANT27_ERA5_3h.AIS.2km.DD.zarr,s3://nasa-cryo-scratch/jkingslake/Daily-2km-zarr/precip/precip.2021_JFM.BN_RACMO2.3p2_ANT27_ERA5_3h.AIS.2km.DD.zarr,855.725813,32,True
674,ff10m,ff10m.2021_JFM.BN_RACMO2.3p2_ANT27_ERA5_3h.AIS.2km.DD.zarr,s3://nasa-cryo-scratch/jkingslake/Daily-2km-zarr/ff10m/ff10m.2021_JFM.BN_RACMO2.3p2_ANT27_ERA5_3h.AIS.2km.DD.zarr,834.094049,31,True
675,t2m,t2m.2021_JFM.BN_RACMO2.3p2_ANT27_ERA5_3h.AIS.2km.DD.zarr,s3://nasa-cryo-scratch/jkingslake/Daily-2km-zarr/t2m/t2m.2021_JFM.BN_RACMO2.3p2_ANT27_ERA5_3h.AIS.2km.DD.zarr,700.973573,32,True
676,snowmelt,snowmelt.2021_AMJ.BN_RACMO2.3p2_ANT27_ERA5_3h.AIS.2km.DD.zarr,s3://nasa-cryo-scratch/jkingslake/Daily-2km-zarr/snowmelt/snowmelt.2021_AMJ.BN_RACMO2.3p2_ANT27_ERA5_3h.AIS.2km.DD.zarr,13.886105,1038,True
677,ff10m,ff10m.2021_AMJ.BN_RACMO2.3p2_ANT27_ERA5_3h.AIS.2km.DD.zarr,s3://nasa-cryo-scratch/jkingslake/Daily-2km-zarr/ff10m/ff10m.2021_AMJ.BN_RACMO2.3p2_ANT27_ERA5_3h.AIS.2km.DD.zarr,893.644632,33,True
678,precip,precip.2021_AMJ.BN_RACMO2.3p2_ANT27_ERA5_3h.AIS.2km.DD.zarr,s3://nasa-cryo-scratch/jkingslake/Daily-2km-zarr/precip/precip.2021_AMJ.BN_RACMO2.3p2_ANT27_ERA5_3h.AIS.2km.DD.zarr,901.685158,33,True
679,t2m,t2m.2021_AMJ.BN_RACMO2.3p2_ANT27_ERA5_3h.AIS.2km.DD.zarr,s3://nasa-cryo-scratch/jkingslake/Daily-2km-zarr/t2m/t2m.2021_AMJ.BN_RACMO2.3p2_ANT27_ERA5_3h.AIS.2km.DD.zarr,684.781665,32,True
680,precip,precip.2021_JAS.BN_RACMO2.3p2_ANT27_ERA5_3h.AIS.2km.DD.zarr,s3://nasa-cryo-scratch/jkingslake/Daily-2km-zarr/precip/precip.2021_JAS.BN_RACMO2.3p2_ANT27_ERA5_3h.AIS.2km.DD.zarr,904.979228,33,True
681,t2m,t2m.2021_JAS.BN_RACMO2.3p2_ANT27_ERA5_3h.AIS.2km.DD.zarr,s3://nasa-cryo-scratch/jkingslake/Daily-2km-zarr/t2m/t2m.2021_JAS.BN_RACMO2.3p2_ANT27_ERA5_3h.AIS.2km.DD.zarr,239.057163,20,True
682,snowmelt,snowmelt.2021_JAS.BN_RACMO2.3p2_ANT27_ERA5_3h.AIS.2km.DD.zarr,s3://nasa-cryo-scratch/jkingslake/Daily-2km-zarr/snowmelt/snowmelt.2021_JAS.BN_RACMO2.3p2_ANT27_ERA5_3h.AIS.2km.DD.zarr,10.507715,1038,True
683,ff10m,ff10m.2021_JAS.BN_RACMO2.3p2_ANT27_ERA5_3h.AIS.2km.DD.zarr,s3://nasa-cryo-scratch/jkingslake/Daily-2km-zarr/ff10m/ff10m.2021_JAS.BN_RACMO2.3p2_ANT27_ERA5_3h.AIS.2km.DD.zarr,901.188352,33,True
684,t2m,t2m.2021_OND.BN_RACMO2.3p2_ANT27_ERA5_3h.AIS.2km.DD.zarr,s3://nasa-cryo-scratch/jkingslake/Daily-2km-zarr/t2m/t2m.2021_OND.BN_RACMO2.3p2_ANT27_ERA5_3h.AIS.2km.DD.zarr,715.005462,33,True
685,precip,precip.2021_OND.BN_RACMO2.3p2_ANT27_ERA5_3h.AIS.2km.DD.zarr,s3://nasa-cryo-scratch/jkingslake/Daily-2km-zarr/precip/precip.2021_OND.BN_RACMO2.3p2_ANT27_ERA5_3h.AIS.2km.DD.zarr,856.607907,33,True
686,snowmelt,snowmelt.2021_OND.BN_RACMO2.3p2_ANT27_ERA5_3h.AIS.2km.DD.zarr,s3://nasa-cryo-scratch/jkingslake/Daily-2km-zarr/snowmelt/snowmelt.2021_OND.BN_RACMO2.3p2_ANT27_ERA5_3h.AIS.2km.DD.zarr,76.841183,1038,True
687,ff10m,ff10m.2021_OND.BN_RACMO2.3p2_ANT27_ERA5_3h.AIS.2km.DD.zarr,s3://nasa-cryo-scratch/jkingslake/Daily-2km-zarr/ff10m/ff10m.2021_OND.BN_RACMO2.3p2_ANT27_ERA5_3h.AIS.2km.DD.zarr,897.21938,33,True
688,precip,precip.2022_JFM.BN_RACMO2.3p2_ANT27_ERA5_3h.AIS.2km.DD.zarr,s3://nasa-cryo-scratch/jkingslake/Daily-2km-zarr/precip/precip.2022_JFM.BN_RACMO2.3p2_ANT27_ERA5_3h.AIS.2km.DD.zarr,846.458452,32,True
689,t2m,t2m.2022_JFM.BN_RACMO2.3p2_ANT27_ERA5_3h.AIS.2km.DD.zarr,s3://nasa-cryo-scratch/jkingslake/Daily-2km-zarr/t2m/t2m.2022_JFM.BN_RACMO2.3p2_ANT27_ERA5_3h.AIS.2km.DD.zarr,699.612005,32,True
690,ff10m,ff10m.2022_JFM.BN_RACMO2.3p2_ANT27_ERA5_3h.AIS.2km.DD.zarr,s3://nasa-cryo-scratch/jkingslake/Daily-2km-zarr/ff10m/ff10m.2022_JFM.BN_RACMO2.3p2_ANT27_ERA5_3h.AIS.2km.DD.zarr,883.032974,32,True
691,snowmelt,snowmelt.2022_JFM.BN_RACMO2.3p2_ANT27_ERA5_3h.AIS.2km.DD.zarr,s3://nasa-cryo-scratch/jkingslake/Daily-2km-zarr/snowmelt/snowmelt.2022_JFM.BN_RACMO2.3p2_ANT27_ERA5_3h.AIS.2km.DD.zarr,85.103458,974,True
692,precip,precip.2022_AMJ.BN_RACMO2.3p2_ANT27_ERA5_3h.AIS.2km.DD.zarr,s3://nasa-cryo-scratch/jkingslake/Daily-2km-zarr/precip/precip.2022_AMJ.BN_RACMO2.3p2_ANT27_ERA5_3h.AIS.2km.DD.zarr,890.897443,33,True
693,snowmelt,snowmelt.2022_AMJ.BN_RACMO2.3p2_ANT27_ERA5_3h.AIS.2km.DD.zarr,s3://nasa-cryo-scratch/jkingslake/Daily-2km-zarr/snowmelt/snowmelt.2022_AMJ.BN_RACMO2.3p2_ANT27_ERA5_3h.AIS.2km.DD.zarr,16.122553,1038,True
694,t2m,t2m.2022_AMJ.BN_RACMO2.3p2_ANT27_ERA5_3h.AIS.2km.DD.zarr,s3://nasa-cryo-scratch/jkingslake/Daily-2km-zarr/t2m/t2m.2022_AMJ.BN_RACMO2.3p2_ANT27_ERA5_3h.AIS.2km.DD.zarr,723.916763,33,True
695,ff10m,ff10m.2022_AMJ.BN_RACMO2.3p2_ANT27_ERA5_3h.AIS.2km.DD.zarr,s3://nasa-cryo-scratch/jkingslake/Daily-2km-zarr/ff10m/ff10m.2022_AMJ.BN_RACMO2.3p2_ANT27_ERA5_3h.AIS.2km.DD.zarr,892.986316,33,True
696,snowmelt,snowmelt.2022_JAS.BN_RACMO2.3p2_ANT27_ERA5_3h.AIS.2km.DD.zarr,s3://nasa-cryo-scratch/jkingslake/Daily-2km-zarr/snowmelt/snowmelt.2022_JAS.BN_RACMO2.3p2_ANT27_ERA5_3h.AIS.2km.DD.zarr,12.595561,1038,True
697,ff10m,ff10m.2022_JAS.BN_RACMO2.3p2_ANT27_ERA5_3h.AIS.2km.DD.zarr,s3://nasa-cryo-scratch/jkingslake/Daily-2km-zarr/ff10m/ff10m.2022_JAS.BN_RACMO2.3p2_ANT27_ERA5_3h.AIS.2km.DD.zarr,901.666722,33,True
698,precip,precip.2022_JAS.BN_RACMO2.3p2_ANT27_ERA5_3h.AIS.2km.DD.zarr,s3://nasa-cryo-scratch/jkingslake/Daily-2km-zarr/precip/precip.2022_JAS.BN_RACMO2.3p2_ANT27_ERA5_3h.AIS.2km.DD.zarr,909.397328,33,True
699,t2m,t2m.2022_JAS.BN_RACMO2.3p2_ANT27_ERA5_3h.AIS.2km.DD.zarr,s3://nasa-cryo-scratch/jkingslake/Daily-2km-zarr/t2m/t2m.2022_JAS.BN_RACMO2.3p2_ANT27_ERA5_3h.AIS.2km.DD.zarr,733.09051,33,True
700,ff10m,ff10m.2022_OND.BN_RACMO2.3p2_ANT27_ERA5_3h.AIS.2km.DD.zarr,s3://nasa-cryo-scratch/jkingslake/Daily-2km-zarr/ff10m/ff10m.2022_OND.BN_RACMO2.3p2_ANT27_ERA5_3h.AIS.2km.DD.zarr,902.01992,33,True
701,precip,precip.2022_OND.BN_RACMO2.3p2_ANT27_ERA5_3h.AIS.2km.DD.zarr,s3://nasa-cryo-scratch/jkingslake/Daily-2km-zarr/precip/precip.2022_OND.BN_RACMO2.3p2_ANT27_ERA5_3h.AIS.2km.DD.zarr,850.41923,33,True
702,t2m,t2m.2022_OND.BN_RACMO2.3p2_ANT27_ERA5_3h.AIS.2km.DD.zarr,s3://nasa-cryo-scratch/jkingslake/Daily-2km-zarr/t2m/t2m.2022_OND.BN_RACMO2.3p2_ANT27_ERA5_3h.AIS.2km.DD.zarr,716.929729,33,True
703,snowmelt,snowmelt.2022_OND.BN_RACMO2.3p2_ANT27_ERA5_3h.AIS.2km.DD.zarr,s3://nasa-cryo-scratch/jkingslake/Daily-2km-zarr/snowmelt/snowmelt.2022_OND.BN_RACMO2.3p2_ANT27_ERA5_3h.AIS.2km.DD.zarr,64.044753,1038,True
704,precip,precip.2023_JFM.BN_RACMO2.3p2_ANT27_ERA5_3h.AIS.2km.DD.zarr,s3://nasa-cryo-scratch/jkingslake/Daily-2km-zarr/precip/precip.2023_JFM.BN_RACMO2.3p2_ANT27_ERA5_3h.AIS.2km.DD.zarr,853.789322,32,True
705,t2m,t2m.2023_JFM.BN_RACMO2.3p2_ANT27_ERA5_3h.AIS.2km.DD.zarr,s3://nasa-cryo-scratch/jkingslake/Daily-2km-zarr/t2m/t2m.2023_JFM.BN_RACMO2.3p2_ANT27_ERA5_3h.AIS.2km.DD.zarr,700.792246,32,True
706,snowmelt,snowmelt.2023_JFM.BN_RACMO2.3p2_ANT27_ERA5_3h.AIS.2km.DD.zarr,s3://nasa-cryo-scratch/jkingslake/Daily-2km-zarr/snowmelt/snowmelt.2023_JFM.BN_RACMO2.3p2_ANT27_ERA5_3h.AIS.2km.DD.zarr,71.927455,974,True
707,ff10m,ff10m.2023_JFM.BN_RACMO2.3p2_ANT27_ERA5_3h.AIS.2km.DD.zarr,s3://nasa-cryo-scratch/jkingslake/Daily-2km-zarr/ff10m/ff10m.2023_JFM.BN_RACMO2.3p2_ANT27_ERA5_3h.AIS.2km.DD.zarr,884.510523,32,True
708,t2m,t2m.2023_AMJ.BN_RACMO2.3p2_ANT27_ERA5_3h.AIS.2km.DD.zarr,s3://nasa-cryo-scratch/jkingslake/Daily-2km-zarr/t2m/t2m.2023_AMJ.BN_RACMO2.3p2_ANT27_ERA5_3h.AIS.2km.DD.zarr,485.604158,27,True
709,snowmelt,snowmelt.2023_AMJ.BN_RACMO2.3p2_ANT27_ERA5_3h.AIS.2km.DD.zarr,s3://nasa-cryo-scratch/jkingslake/Daily-2km-zarr/snowmelt/snowmelt.2023_AMJ.BN_RACMO2.3p2_ANT27_ERA5_3h.AIS.2km.DD.zarr,12.875466,1038,True
710,ff10m,ff10m.2023_AMJ.BN_RACMO2.3p2_ANT27_ERA5_3h.AIS.2km.DD.zarr,s3://nasa-cryo-scratch/jkingslake/Daily-2km-zarr/ff10m/ff10m.2023_AMJ.BN_RACMO2.3p2_ANT27_ERA5_3h.AIS.2km.DD.zarr,893.486765,33,True
711,precip,precip.2023_AMJ.BN_RACMO2.3p2_ANT27_ERA5_3h.AIS.2km.DD.zarr,s3://nasa-cryo-scratch/jkingslake/Daily-2km-zarr/precip/precip.2023_AMJ.BN_RACMO2.3p2_ANT27_ERA5_3h.AIS.2km.DD.zarr,891.149034,33,True
712,t2m,t2m.2023_JAS.BN_RACMO2.3p2_ANT27_ERA5_3h.AIS.2km.DD.zarr,s3://nasa-cryo-scratch/jkingslake/Daily-2km-zarr/t2m/t2m.2023_JAS.BN_RACMO2.3p2_ANT27_ERA5_3h.AIS.2km.DD.zarr,732.687688,33,True
713,ff10m,ff10m.2023_JAS.BN_RACMO2.3p2_ANT27_ERA5_3h.AIS.2km.DD.zarr,s3://nasa-cryo-scratch/jkingslake/Daily-2km-zarr/ff10m/ff10m.2023_JAS.BN_RACMO2.3p2_ANT27_ERA5_3h.AIS.2km.DD.zarr,901.776481,33,True
714,precip,precip.2023_JAS.BN_RACMO2.3p2_ANT27_ERA5_3h.AIS.2km.DD.zarr,s3://nasa-cryo-scratch/jkingslake/Daily-2km-zarr/precip/precip.2023_JAS.BN_RACMO2.3p2_ANT27_ERA5_3h.AIS.2km.DD.zarr,874.62067,33,True
715,snowmelt,snowmelt.2023_JAS.BN_RACMO2.3p2_ANT27_ERA5_3h.AIS.2km.DD.zarr,s3://nasa-cryo-scratch/jkingslake/Daily-2km-zarr/snowmelt/snowmelt.2023_JAS.BN_RACMO2.3p2_ANT27_ERA5_3h.AIS.2km.DD.zarr,10.981491,1038,True
716,ff10m,ff10m.2023_OND.BN_RACMO2.3p2_ANT27_ERA5_3h.AIS.2km.DD.zarr,s3://nasa-cryo-scratch/jkingslake/Daily-2km-zarr/ff10m/ff10m.2023_OND.BN_RACMO2.3p2_ANT27_ERA5_3h.AIS.2km.DD.zarr,901.233858,33,True
717,snowmelt,snowmelt.2023_OND.BN_RACMO2.3p2_ANT27_ERA5_3h.AIS.2km.DD.zarr,s3://nasa-cryo-scratch/jkingslake/Daily-2km-zarr/snowmelt/snowmelt.2023_OND.BN_RACMO2.3p2_ANT27_ERA5_3h.AIS.2km.DD.zarr,64.287404,1038,True
718,precip,precip.2023_OND.BN_RACMO2.3p2_ANT27_ERA5_3h.AIS.2km.DD.zarr,s3://nasa-cryo-scratch/jkingslake/Daily-2km-zarr/precip/precip.2023_OND.BN_RACMO2.3p2_ANT27_ERA5_3h.AIS.2km.DD.zarr,866.102551,33,True
719,t2m,t2m.2023_OND.BN_RACMO2.3p2_ANT27_ERA5_3h.AIS.2km.DD.zarr,s3://nasa-cryo-scratch/jkingslake/Daily-2km-zarr/t2m/t2m.2023_OND.BN_RACMO2.3p2_ANT27_ERA5_3h.AIS.2km.DD.zarr,716.18821,33,True
720,t2m,t2m.2024_JFM.BN_RACMO2.3p2_ANT27_ERA5_3h.AIS.2km.DD.zarr,s3://nasa-cryo-scratch/jkingslake/Daily-2km-zarr/t2m/t2m.2024_JFM.BN_RACMO2.3p2_ANT27_ERA5_3h.AIS.2km.DD.zarr,709.289886,33,True
721,snowmelt,snowmelt.2024_JFM.BN_RACMO2.3p2_ANT27_ERA5_3h.AIS.2km.DD.zarr,s3://nasa-cryo-scratch/jkingslake/Daily-2km-zarr/snowmelt/snowmelt.2024_JFM.BN_RACMO2.3p2_ANT27_ERA5_3h.AIS.2km.DD.zarr,81.292175,1038,True
722,precip,precip.2024_JFM.BN_RACMO2.3p2_ANT27_ERA5_3h.AIS.2km.DD.zarr,s3://nasa-cryo-scratch/jkingslake/Daily-2km-zarr/precip/precip.2024_JFM.BN_RACMO2.3p2_ANT27_ERA5_3h.AIS.2km.DD.zarr,870.39504,33,True
723,ff10m,ff10m.2024_JFM.BN_RACMO2.3p2_ANT27_ERA5_3h.AIS.2km.DD.zarr,s3://nasa-cryo-scratch/jkingslake/Daily-2km-zarr/ff10m/ff10m.2024_JFM.BN_RACMO2.3p2_ANT27_ERA5_3h.AIS.2km.DD.zarr,895.338122,33,True
724,ff10m,ff10m.2024_AMJ.BN_RACMO2.3p2_ANT27_ERA5_3h.AIS.2km.DD.zarr,s3://nasa-cryo-scratch/jkingslake/Daily-2km-zarr/ff10m/ff10m.2024_AMJ.BN_RACMO2.3p2_ANT27_ERA5_3h.AIS.2km.DD.zarr,891.255746,33,True
725,snowmelt,snowmelt.2024_AMJ.BN_RACMO2.3p2_ANT27_ERA5_3h.AIS.2km.DD.zarr,s3://nasa-cryo-scratch/jkingslake/Daily-2km-zarr/snowmelt/snowmelt.2024_AMJ.BN_RACMO2.3p2_ANT27_ERA5_3h.AIS.2km.DD.zarr,11.514496,1038,True
726,precip,precip.2024_AMJ.BN_RACMO2.3p2_ANT27_ERA5_3h.AIS.2km.DD.zarr,s3://nasa-cryo-scratch/jkingslake/Daily-2km-zarr/precip/precip.2024_AMJ.BN_RACMO2.3p2_ANT27_ERA5_3h.AIS.2km.DD.zarr,902.697176,33,True
727,t2m,t2m.2024_AMJ.BN_RACMO2.3p2_ANT27_ERA5_3h.AIS.2km.DD.zarr,s3://nasa-cryo-scratch/jkingslake/Daily-2km-zarr/t2m/t2m.2024_AMJ.BN_RACMO2.3p2_ANT27_ERA5_3h.AIS.2km.DD.zarr,683.890203,32,True
728,ff10m,ff10m.2024_JAS.BN_RACMO2.3p2_ANT27_ERA5_3h.AIS.2km.DD.zarr,s3://nasa-cryo-scratch/jkingslake/Daily-2km-zarr/ff10m/ff10m.2024_JAS.BN_RACMO2.3p2_ANT27_ERA5_3h.AIS.2km.DD.zarr,898.309756,33,True
729,snowmelt,snowmelt.2024_JAS.BN_RACMO2.3p2_ANT27_ERA5_3h.AIS.2km.DD.zarr,s3://nasa-cryo-scratch/jkingslake/Daily-2km-zarr/snowmelt/snowmelt.2024_JAS.BN_RACMO2.3p2_ANT27_ERA5_3h.AIS.2km.DD.zarr,10.72837,1038,True
730,t2m,t2m.2024_JAS.BN_RACMO2.3p2_ANT27_ERA5_3h.AIS.2km.DD.zarr,s3://nasa-cryo-scratch/jkingslake/Daily-2km-zarr/t2m/t2m.2024_JAS.BN_RACMO2.3p2_ANT27_ERA5_3h.AIS.2km.DD.zarr,731.423777,33,True
731,precip,precip.2024_JAS.BN_RACMO2.3p2_ANT27_ERA5_3h.AIS.2km.DD.zarr,s3://nasa-cryo-scratch/jkingslake/Daily-2km-zarr/precip/precip.2024_JAS.BN_RACMO2.3p2_ANT27_ERA5_3h.AIS.2km.DD.zarr,886.536613,33,True
732,snowmelt,snowmelt.2024_OND.BN_RACMO2.3p2_ANT27_ERA5_3h.AIS.2km.DD.zarr,s3://nasa-cryo-scratch/jkingslake/Daily-2km-zarr/snowmelt/snowmelt.2024_OND.BN_RACMO2.3p2_ANT27_ERA5_3h.AIS.2km.DD.zarr,84.887701,1038,True
733,t2m,t2m.2024_OND.BN_RACMO2.3p2_ANT27_ERA5_3h.AIS.2km.DD.zarr,s3://nasa-cryo-scratch/jkingslake/Daily-2km-zarr/t2m/t2m.2024_OND.BN_RACMO2.3p2_ANT27_ERA5_3h.AIS.2km.DD.zarr,716.042784,33,True
734,precip,precip.2024_OND.BN_RACMO2.3p2_ANT27_ERA5_3h.AIS.2km.DD.zarr,s3://nasa-cryo-scratch/jkingslake/Daily-2km-zarr/precip/precip.2024_OND.BN_RACMO2.3p2_ANT27_ERA5_3h.AIS.2km.DD.zarr,824.927229,33,True
735,ff10m,ff10m.2024_OND.BN_RACMO2.3p2_ANT27_ERA5_3h.AIS.2km.DD.zarr,s3://nasa-cryo-scratch/jkingslake/Daily-2km-zarr/ff10m/ff10m.2024_OND.BN_RACMO2.3p2_ANT27_ERA5_3h.AIS.2km.DD.zarr,902.559971,33,True
736,t2m,t2m.2025_JFM.BN_RACMO2.3p2_ANT27_ERA5_3h.AIS.2km.DD.zarr,s3://nasa-cryo-scratch/jkingslake/Daily-2km-zarr/t2m/t2m.2025_JFM.BN_RACMO2.3p2_ANT27_ERA5_3h.AIS.2km.DD.zarr,700.005015,32,True
737,snowmelt,snowmelt.2025_JFM.BN_RACMO2.3p2_ANT27_ERA5_3h.AIS.2km.DD.zarr,s3://nasa-cryo-scratch/jkingslake/Daily-2km-zarr/snowmelt/snowmelt.2025_JFM.BN_RACMO2.3p2_ANT27_ERA5_3h.AIS.2km.DD.zarr,70.729341,974,True
738,precip,precip.2025_JFM.BN_RACMO2.3p2_ANT27_ERA5_3h.AIS.2km.DD.zarr,s3://nasa-cryo-scratch/jkingslake/Daily-2km-zarr/precip/precip.2025_JFM.BN_RACMO2.3p2_ANT27_ERA5_3h.AIS.2km.DD.zarr,853.409537,32,True
739,ff10m,ff10m.2025_JFM.BN_RACMO2.3p2_ANT27_ERA5_3h.AIS.2km.DD.zarr,s3://nasa-cryo-scratch/jkingslake/Daily-2km-zarr/ff10m/ff10m.2025_JFM.BN_RACMO2.3p2_ANT27_ERA5_3h.AIS.2km.DD.zarr,883.954481,32,True
740,t2m,t2m.2025_AMJ.BN_RACMO2.3p2_ANT27_ERA5_3h.AIS.2km.DD.zarr,s3://nasa-cryo-scratch/jkingslake/Daily-2km-zarr/t2m/t2m.2025_AMJ.BN_RACMO2.3p2_ANT27_ERA5_3h.AIS.2km.DD.zarr,722.979964,33,True
741,precip,precip.2025_AMJ.BN_RACMO2.3p2_ANT27_ERA5_3h.AIS.2km.DD.zarr,s3://nasa-cryo-scratch/jkingslake/Daily-2km-zarr/precip/precip.2025_AMJ.BN_RACMO2.3p2_ANT27_ERA5_3h.AIS.2km.DD.zarr,889.96282,33,True
742,ff10m,ff10m.2025_AMJ.BN_RACMO2.3p2_ANT27_ERA5_3h.AIS.2km.DD.zarr,s3://nasa-cryo-scratch/jkingslake/Daily-2km-zarr/ff10m/ff10m.2025_AMJ.BN_RACMO2.3p2_ANT27_ERA5_3h.AIS.2km.DD.zarr,892.89876,33,True
743,snowmelt,snowmelt.2025_AMJ.BN_RACMO2.3p2_ANT27_ERA5_3h.AIS.2km.DD.zarr,s3://nasa-cryo-scratch/jkingslake/Daily-2km-zarr/snowmelt/snowmelt.2025_AMJ.BN_RACMO2.3p2_ANT27_ERA5_3h.AIS.2km.DD.zarr,21.313741,1038,True
744,t2m,t2m.2025_JAS.BN_RACMO2.3p2_ANT27_ERA5_3h.AIS.2km.DD.zarr,s3://nasa-cryo-scratch/jkingslake/Daily-2km-zarr/t2m/t2m.2025_JAS.BN_RACMO2.3p2_ANT27_ERA5_3h.AIS.2km.DD.zarr,732.529461,33,True
745,snowmelt,snowmelt.2025_JAS.BN_RACMO2.3p2_ANT27_ERA5_3h.AIS.2km.DD.zarr,s3://nasa-cryo-scratch/jkingslake/Daily-2km-zarr/snowmelt/snowmelt.2025_JAS.BN_RACMO2.3p2_ANT27_ERA5_3h.AIS.2km.DD.zarr,22.706158,1038,True
746,ff10m,ff10m.2025_JAS.BN_RACMO2.3p2_ANT27_ERA5_3h.AIS.2km.DD.zarr,s3://nasa-cryo-scratch/jkingslake/Daily-2km-zarr/ff10m/ff10m.2025_JAS.BN_RACMO2.3p2_ANT27_ERA5_3h.AIS.2km.DD.zarr,900.778713,33,True
747,precip,precip.2025_JAS.BN_RACMO2.3p2_ANT27_ERA5_3h.AIS.2km.DD.zarr,s3://nasa-cryo-scratch/jkingslake/Daily-2km-zarr/precip/precip.2025_JAS.BN_RACMO2.3p2_ANT27_ERA5_3h.AIS.2km.DD.zarr,893.325698,33,True
748,precip,precip.2025_OND.BN_RACMO2.3p2_ANT27_ERA5_3h.AIS.2km.DD.zarr,s3://nasa-cryo-scratch/jkingslake/Daily-2km-zarr/precip/precip.2025_OND.BN_RACMO2.3p2_ANT27_ERA5_3h.AIS.2km.DD.zarr,833.911987,33,True
749,ff10m,ff10m.2025_OND.BN_RACMO2.3p2_ANT27_ERA5_3h.AIS.2km.DD.zarr,s3://nasa-cryo-scratch/jkingslake/Daily-2km-zarr/ff10m/ff10m.2025_OND.BN_RACMO2.3p2_ANT27_ERA5_3h.AIS.2km.DD.zarr,900.367849,33,True
750,t2m,t2m.2025_OND.BN_RACMO2.3p2_ANT27_ERA5_3h.AIS.2km.DD.zarr,s3://nasa-cryo-scratch/jkingslake/Daily-2km-zarr/t2m/t2m.2025_OND.BN_RACMO2.3p2_ANT27_ERA5_3h.AIS.2km.DD.zarr,713.835599,33,True
751,snowmelt,snowmelt.2025_OND.BN_RACMO2.3p2_ANT27_ERA5_3h.AIS.2km.DD.zarr,s3://nasa-cryo-scratch/jkingslake/Daily-2km-zarr/snowmelt/snowmelt.2025_OND.BN_RACMO2.3p2_ANT27_ERA5_3h.AIS.2km.DD.zarr,84.930268,1038,True
